week_start,repo,layer,commits,active
2025-01-12 00:00:00+00:00,hiero-sdk-java,sdks,15,1
2025-01-19 00:00:00+00:00,hiero-sdk-java,sdks,5,1
2025-01-26 00:00:00+00:00,hiero-sdk-java,sdks,13,1
2025-02-02 00:00:00+00:00,hiero-sdk-java,sdks,8,1
2025-02-09 00:00:00+00:00,hiero-sdk-java,sdks,5,1
2025-02-16 00:00:00+00:00,hiero-sdk-java,sdks,4,1
2025-02-23 00:00:00+00:00,hiero-sdk-java,sdks,5,1
2025-03-02 00:00:00+00:00,hiero-sdk-java,sdks,7,1
2025-03-09 00:00:00+00:00,hiero-sdk-java,sdks,4,1
2025-03-16 00:00:00+00:00,hiero-sdk-java,sdks,3,1
2025-03-23 00:00:00+00:00,hiero-sdk-java,sdks,9,1
2025-03-30 00:00:00+00:00,hiero-sdk-java,sdks,4,1
2025-04-06 00:00:00+00:00,hiero-sdk-java,sdks,4,1
2025-04-13 00:00:00+00:00,hiero-sdk-java,sdks,7,1
2025-04-20 00:00:00+00:00,hiero-sdk-java,sdks,6,1
2025-04-27 00:00:00+00:00,hiero-sdk-java,sdks,5,1
2025-05-04 00:00:00+00:00,hiero-sdk-java,sdks,2,1
2025-05-11 00:00:00+00:00,hiero-sdk-java,sdks,6,1
2025-05-18 00:00:00+00:00,hiero-sdk-java,sdks,6,1
2025-05-25 00:00:00+00:00,hiero-sdk-java,sdks,11,1
2025-06-01 00:00:00+00:00,hiero-sdk-java,sdks,2,1
2025-06-08 00:00:00+00:00,hiero-sdk-java,sdks,3,1
2025-06-15 00:00:00+00:00,hiero-sdk-java,sdks,4,1
2025-06-22 00:00:00+00:00,hiero-sdk-java,sdks,8,1
2025-06-29 00:00:00+00:00,hiero-sdk-java,sdks,7,1
2025-07-06 00:00:00+00:00,hiero-sdk-java,sdks,5,1
2025-07-13 00:00:00+00:00,hiero-sdk-java,sdks,5,1
2025-07-20 00:00:00+00:00,hiero-sdk-java,sdks,2,1
2025-07-27 00:00:00+00:00,hiero-sdk-java,sdks,5,1
2025-08-03 00:00:00+00:00,hiero-sdk-java,sdks,2,1
2025-08-10 00:00:00+00:00,hiero-sdk-java,sdks,3,1
2025-08-17 00:00:00+00:00,hiero-sdk-java,sdks,3,1
2025-08-24 00:00:00+00:00,hiero-sdk-java,sdks,0,0
2025-08-31 00:00:00+00:00,hiero-sdk-java,sdks,2,1
2025-09-07 00:00:00+00:00,hiero-sdk-java,sdks,1,1
2025-09-14 00:00:00+00:00,hiero-sdk-java,sdks,5,1
2025-09-21 00:00:00+00:00,hiero-sdk-java,sdks,3,1
2025-09-28 00:00:00+00:00,hiero-sdk-java,sdks,7,1
2025-10-05 00:00:00+00:00,hiero-sdk-java,sdks,0,0
2025-10-12 00:00:00+00:00,hiero-sdk-java,sdks,0,0
2025-10-19 00:00:00+00:00,hiero-sdk-java,sdks,0,0
2025-10-26 00:00:00+00:00,hiero-sdk-java,sdks,1,1
2025-11-02 00:00:00+00:00,hiero-sdk-java,sdks,3,1
2025-11-09 00:00:00+00:00,hiero-sdk-java,sdks,1,1
2025-11-16 00:00:00+00:00,hiero-sdk-java,sdks,4,1
2025-11-23 00:00:00+00:00,hiero-sdk-java,sdks,0,0
2025-11-30 00:00:00+00:00,hiero-sdk-java,sdks,0,0
2025-12-07 00:00:00+00:00,hiero-sdk-java,sdks,0,0
2025-12-14 00:00:00+00:00,hiero-sdk-java,sdks,0,0
2025-12-21 00:00:00+00:00,hiero-sdk-java,sdks,1,1
2025-12-28 00:00:00+00:00,hiero-sdk-java,sdks,0,0
2026-01-04 00:00:00+00:00,hiero-sdk-java,sdks,0,0
2025-01-12 00:00:00+00:00,hiero-improvement-proposals,governance,8,1
2025-01-19 00:00:00+00:00,hiero-improvement-proposals,governance,14,1
2025-01-26 00:00:00+00:00,hiero-improvement-proposals,governance,6,1
2025-02-02 00:00:00+00:00,hiero-improvement-proposals,governance,11,1
2025-02-09 00:00:00+00:00,hiero-improvement-proposals,governance,5,1
2025-02-16 00:00:00+00:00,hiero-improvement-proposals,governance,15,1
2025-02-23 00:00:00+00:00,hiero-improvement-proposals,governance,8,1
2025-03-02 00:00:00+00:00,hiero-improvement-proposals,governance,8,1
2025-03-09 00:00:00+00:00,hiero-improvement-proposals,governance,7,1
2025-03-16 00:00:00+00:00,hiero-improvement-proposals,governance,13,1
2025-03-23 00:00:00+00:00,hiero-improvement-proposals,governance,7,1
2025-03-30 00:00:00+00:00,hiero-improvement-proposals,governance,3,1
2025-04-06 00:00:00+00:00,hiero-improvement-proposals,governance,10,1
2025-04-13 00:00:00+00:00,hiero-improvement-proposals,governance,8,1
2025-04-20 00:00:00+00:00,hiero-improvement-proposals,governance,9,1
2025-04-27 00:00:00+00:00,hiero-improvement-proposals,governance,2,1
2025-05-04 00:00:00+00:00,hiero-improvement-proposals,governance,7,1
2025-05-11 00:00:00+00:00,hiero-improvement-proposals,governance,9,1
2025-05-18 00:00:00+00:00,hiero-improvement-proposals,governance,17,1
2025-05-25 00:00:00+00:00,hiero-improvement-proposals,governance,11,1
2025-06-01 00:00:00+00:00,hiero-improvement-proposals,governance,14,1
2025-06-08 00:00:00+00:00,hiero-improvement-proposals,governance,9,1
2025-06-15 00:00:00+00:00,hiero-improvement-proposals,governance,13,1
2025-06-22 00:00:00+00:00,hiero-improvement-proposals,governance,16,1
2025-06-29 00:00:00+00:00,hiero-improvement-proposals,governance,12,1
2025-07-06 00:00:00+00:00,hiero-improvement-proposals,governance,14,1
2025-07-13 00:00:00+00:00,hiero-improvement-proposals,governance,22,1
2025-07-20 00:00:00+00:00,hiero-improvement-proposals,governance,9,1
2025-07-27 00:00:00+00:00,hiero-improvement-proposals,governance,10,1
2025-08-03 00:00:00+00:00,hiero-improvement-proposals,governance,6,1
2025-08-10 00:00:00+00:00,hiero-improvement-proposals,governance,3,1
2025-08-17 00:00:00+00:00,hiero-improvement-proposals,governance,2,1
2025-08-24 00:00:00+00:00,hiero-improvement-proposals,governance,5,1
2025-08-31 00:00:00+00:00,hiero-improvement-proposals,governance,7,1
2025-09-07 00:00:00+00:00,hiero-improvement-proposals,governance,0,0
2025-09-14 00:00:00+00:00,hiero-improvement-proposals,governance,10,1
2025-09-21 00:00:00+00:00,hiero-improvement-proposals,governance,12,1
2025-09-28 00:00:00+00:00,hiero-improvement-proposals,governance,6,1
2025-10-05 00:00:00+00:00,hiero-improvement-proposals,governance,5,1
2025-10-12 00:00:00+00:00,hiero-improvement-proposals,governance,12,1
2025-10-19 00:00:00+00:00,hiero-improvement-proposals,governance,11,1
2025-10-26 00:00:00+00:00,hiero-improvement-proposals,governance,3,1
2025-11-02 00:00:00+00:00,hiero-improvement-proposals,governance,13,1
2025-11-09 00:00:00+00:00,hiero-improvement-proposals,governance,8,1
2025-11-16 00:00:00+00:00,hiero-improvement-proposals,governance,9,1
2025-11-23 00:00:00+00:00,hiero-improvement-proposals,governance,10,1
2025-11-30 00:00:00+00:00,hiero-improvement-proposals,governance,9,1
2025-12-07 00:00:00+00:00,hiero-improvement-proposals,governance,5,1
2025-12-14 00:00:00+00:00,hiero-improvement-proposals,governance,6,1
2025-12-21 00:00:00+00:00,hiero-improvement-proposals,governance,1,1
2025-12-28 00:00:00+00:00,hiero-improvement-proposals,governance,1,1
2026-01-04 00:00:00+00:00,hiero-improvement-proposals,governance,2,1
2025-01-12 00:00:00+00:00,hiero-mirror-node,core,37,1
2025-01-19 00:00:00+00:00,hiero-mirror-node,core,36,1
2025-01-26 00:00:00+00:00,hiero-mirror-node,core,34,1
2025-02-02 00:00:00+00:00,hiero-mirror-node,core,41,1
2025-02-09 00:00:00+00:00,hiero-mirror-node,core,47,1
2025-02-16 00:00:00+00:00,hiero-mirror-node,core,33,1
2025-02-23 00:00:00+00:00,hiero-mirror-node,core,39,1
2025-03-02 00:00:00+00:00,hiero-mirror-node,core,31,1
2025-03-09 00:00:00+00:00,hiero-mirror-node,core,42,1
2025-03-16 00:00:00+00:00,hiero-mirror-node,core,28,1
2025-03-23 00:00:00+00:00,hiero-mirror-node,core,29,1
2025-03-30 00:00:00+00:00,hiero-mirror-node,core,40,1
2025-04-06 00:00:00+00:00,hiero-mirror-node,core,38,1
2025-04-13 00:00:00+00:00,hiero-mirror-node,core,37,1
2025-04-20 00:00:00+00:00,hiero-mirror-node,core,23,1
2025-04-27 00:00:00+00:00,hiero-mirror-node,core,33,1
2025-05-04 00:00:00+00:00,hiero-mirror-node,core,32,1
2025-05-11 00:00:00+00:00,hiero-mirror-node,core,23,1
2025-05-18 00:00:00+00:00,hiero-mirror-node,core,38,1
2025-05-25 00:00:00+00:00,hiero-mirror-node,core,23,1
2025-06-01 00:00:00+00:00,hiero-mirror-node,core,33,1
2025-06-08 00:00:00+00:00,hiero-mirror-node,core,28,1
2025-06-15 00:00:00+00:00,hiero-mirror-node,core,32,1
2025-06-22 00:00:00+00:00,hiero-mirror-node,core,26,1
2025-06-29 00:00:00+00:00,hiero-mirror-node,core,15,1
2025-07-06 00:00:00+00:00,hiero-mirror-node,core,32,1
2025-07-13 00:00:00+00:00,hiero-mirror-node,core,30,1
2025-07-20 00:00:00+00:00,hiero-mirror-node,core,28,1
2025-07-27 00:00:00+00:00,hiero-mirror-node,core,28,1
2025-08-03 00:00:00+00:00,hiero-mirror-node,core,19,1
2025-08-10 00:00:00+00:00,hiero-mirror-node,core,22,1
2025-08-17 00:00:00+00:00,hiero-mirror-node,core,23,1
2025-08-24 00:00:00+00:00,hiero-mirror-node,core,26,1
2025-08-31 00:00:00+00:00,hiero-mirror-node,core,23,1
2025-09-07 00:00:00+00:00,hiero-mirror-node,core,24,1
2025-09-14 00:00:00+00:00,hiero-mirror-node,core,34,1
2025-09-21 00:00:00+00:00,hiero-mirror-node,core,24,1
2025-09-28 00:00:00+00:00,hiero-mirror-node,core,31,1
2025-10-05 00:00:00+00:00,hiero-mirror-node,core,24,1
2025-10-12 00:00:00+00:00,hiero-mirror-node,core,27,1
2025-10-19 00:00:00+00:00,hiero-mirror-node,core,34,1
2025-10-26 00:00:00+00:00,hiero-mirror-node,core,27,1
2025-11-02 00:00:00+00:00,hiero-mirror-node,core,20,1
2025-11-09 00:00:00+00:00,hiero-mirror-node,core,33,1
2025-11-16 00:00:00+00:00,hiero-mirror-node,core,11,1
2025-11-23 00:00:00+00:00,hiero-mirror-node,core,12,1
2025-11-30 00:00:00+00:00,hiero-mirror-node,core,46,1
2025-12-07 00:00:00+00:00,hiero-mirror-node,core,19,1
2025-12-14 00:00:00+00:00,hiero-mirror-node,core,22,1
2025-12-21 00:00:00+00:00,hiero-mirror-node,core,18,1
2025-12-28 00:00:00+00:00,hiero-mirror-node,core,19,1
2026-01-04 00:00:00+00:00,hiero-mirror-node,core,3,1
2025-01-12 00:00:00+00:00,hiero-sdk-js,sdks,23,1
2025-01-19 00:00:00+00:00,hiero-sdk-js,sdks,16,1
2025-01-26 00:00:00+00:00,hiero-sdk-js,sdks,3,1
2025-02-02 00:00:00+00:00,hiero-sdk-js,sdks,3,1
2025-02-09 00:00:00+00:00,hiero-sdk-js,sdks,26,1
2025-02-16 00:00:00+00:00,hiero-sdk-js,sdks,4,1
2025-02-23 00:00:00+00:00,hiero-sdk-js,sdks,18,1
2025-03-02 00:00:00+00:00,hiero-sdk-js,sdks,18,1
2025-03-09 00:00:00+00:00,hiero-sdk-js,sdks,12,1
2025-03-16 00:00:00+00:00,hiero-sdk-js,sdks,11,1
2025-03-23 00:00:00+00:00,hiero-sdk-js,sdks,8,1
2025-03-30 00:00:00+00:00,hiero-sdk-js,sdks,23,1
2025-04-06 00:00:00+00:00,hiero-sdk-js,sdks,6,1
2025-04-13 00:00:00+00:00,hiero-sdk-js,sdks,11,1
2025-04-20 00:00:00+00:00,hiero-sdk-js,sdks,7,1
2025-04-27 00:00:00+00:00,hiero-sdk-js,sdks,12,1
2025-05-04 00:00:00+00:00,hiero-sdk-js,sdks,7,1
2025-05-11 00:00:00+00:00,hiero-sdk-js,sdks,9,1
2025-05-18 00:00:00+00:00,hiero-sdk-js,sdks,6,1
2025-05-25 00:00:00+00:00,hiero-sdk-js,sdks,6,1
2025-06-01 00:00:00+00:00,hiero-sdk-js,sdks,5,1
2025-06-08 00:00:00+00:00,hiero-sdk-js,sdks,11,1
2025-06-15 00:00:00+00:00,hiero-sdk-js,sdks,5,1
2025-06-22 00:00:00+00:00,hiero-sdk-js,sdks,7,1
2025-06-29 00:00:00+00:00,hiero-sdk-js,sdks,13,1
2025-07-06 00:00:00+00:00,hiero-sdk-js,sdks,12,1
2025-07-13 00:00:00+00:00,hiero-sdk-js,sdks,9,1
2025-07-20 00:00:00+00:00,hiero-sdk-js,sdks,4,1
2025-07-27 00:00:00+00:00,hiero-sdk-js,sdks,4,1
2025-08-03 00:00:00+00:00,hiero-sdk-js,sdks,13,1
2025-08-10 00:00:00+00:00,hiero-sdk-js,sdks,10,1
2025-08-17 00:00:00+00:00,hiero-sdk-js,sdks,7,1
2025-08-24 00:00:00+00:00,hiero-sdk-js,sdks,6,1
2025-08-31 00:00:00+00:00,hiero-sdk-js,sdks,12,1
2025-09-07 00:00:00+00:00,hiero-sdk-js,sdks,4,1
2025-09-14 00:00:00+00:00,hiero-sdk-js,sdks,8,1
2025-09-21 00:00:00+00:00,hiero-sdk-js,sdks,2,1
2025-09-28 00:00:00+00:00,hiero-sdk-js,sdks,20,1
2025-10-05 00:00:00+00:00,hiero-sdk-js,sdks,8,1
2025-10-12 00:00:00+00:00,hiero-sdk-js,sdks,5,1
2025-10-19 00:00:00+00:00,hiero-sdk-js,sdks,3,1
2025-10-26 00:00:00+00:00,hiero-sdk-js,sdks,8,1
2025-11-02 00:00:00+00:00,hiero-sdk-js,sdks,9,1
2025-11-09 00:00:00+00:00,hiero-sdk-js,sdks,4,1
2025-11-16 00:00:00+00:00,hiero-sdk-js,sdks,5,1
2025-11-23 00:00:00+00:00,hiero-sdk-js,sdks,4,1
2025-11-30 00:00:00+00:00,hiero-sdk-js,sdks,2,1
2025-12-07 00:00:00+00:00,hiero-sdk-js,sdks,9,1
2025-12-14 00:00:00+00:00,hiero-sdk-js,sdks,3,1
2025-12-21 00:00:00+00:00,hiero-sdk-js,sdks,1,1
2025-12-28 00:00:00+00:00,hiero-sdk-js,sdks,1,1
2026-01-04 00:00:00+00:00,hiero-sdk-js,sdks,0,0
2025-01-12 00:00:00+00:00,hiero-cli,tooling,10,1
2025-01-19 00:00:00+00:00,hiero-cli,tooling,3,1
2025-01-26 00:00:00+00:00,hiero-cli,tooling,4,1
2025-02-02 00:00:00+00:00,hiero-cli,tooling,2,1
2025-02-09 00:00:00+00:00,hiero-cli,tooling,6,1
2025-02-16 00:00:00+00:00,hiero-cli,tooling,7,1
2025-02-23 00:00:00+00:00,hiero-cli,tooling,7,1
2025-03-02 00:00:00+00:00,hiero-cli,tooling,6,1
2025-03-09 00:00:00+00:00,hiero-cli,tooling,4,1
2025-03-16 00:00:00+00:00,hiero-cli,tooling,1,1
2025-03-23 00:00:00+00:00,hiero-cli,tooling,4,1
2025-03-30 00:00:00+00:00,hiero-cli,tooling,5,1
2025-04-06 00:00:00+00:00,hiero-cli,tooling,1,1
2025-04-13 00:00:00+00:00,hiero-cli,tooling,6,1
2025-04-20 00:00:00+00:00,hiero-cli,tooling,4,1
2025-04-27 00:00:00+00:00,hiero-cli,tooling,2,1
2025-05-04 00:00:00+00:00,hiero-cli,tooling,4,1
2025-05-11 00:00:00+00:00,hiero-cli,tooling,0,0
2025-05-18 00:00:00+00:00,hiero-cli,tooling,0,0
2025-05-25 00:00:00+00:00,hiero-cli,tooling,5,1
2025-06-01 00:00:00+00:00,hiero-cli,tooling,1,1
2025-06-08 00:00:00+00:00,hiero-cli,tooling,3,1
2025-06-15 00:00:00+00:00,hiero-cli,tooling,5,1
2025-06-22 00:00:00+00:00,hiero-cli,tooling,8,1
2025-06-29 00:00:00+00:00,hiero-cli,tooling,0,0
2025-07-06 00:00:00+00:00,hiero-cli,tooling,0,0
2025-07-13 00:00:00+00:00,hiero-cli,tooling,7,1
2025-07-20 00:00:00+00:00,hiero-cli,tooling,0,0
2025-07-27 00:00:00+00:00,hiero-cli,tooling,3,1
2025-08-03 00:00:00+00:00,hiero-cli,tooling,1,1
2025-08-10 00:00:00+00:00,hiero-cli,tooling,2,1
2025-08-17 00:00:00+00:00,hiero-cli,tooling,2,1
2025-08-24 00:00:00+00:00,hiero-cli,tooling,2,1
2025-08-31 00:00:00+00:00,hiero-cli,tooling,0,0
2025-09-07 00:00:00+00:00,hiero-cli,tooling,1,1
2025-09-14 00:00:00+00:00,hiero-cli,tooling,4,1
2025-09-21 00:00:00+00:00,hiero-cli,tooling,1,1
2025-09-28 00:00:00+00:00,hiero-cli,tooling,1,1
2025-10-05 00:00:00+00:00,hiero-cli,tooling,4,1
2025-10-12 00:00:00+00:00,hiero-cli,tooling,1,1
2025-10-19 00:00:00+00:00,hiero-cli,tooling,0,0
2025-10-26 00:00:00+00:00,hiero-cli,tooling,4,1
2025-11-02 00:00:00+00:00,hiero-cli,tooling,2,1
2025-11-09 00:00:00+00:00,hiero-cli,tooling,0,0
2025-11-16 00:00:00+00:00,hiero-cli,tooling,0,0
2025-11-23 00:00:00+00:00,hiero-cli,tooling,0,0
2025-11-30 00:00:00+00:00,hiero-cli,tooling,0,0
2025-12-07 00:00:00+00:00,hiero-cli,tooling,1,1
2025-12-14 00:00:00+00:00,hiero-cli,tooling,16,1
2025-12-21 00:00:00+00:00,hiero-cli,tooling,9,1
2025-12-28 00:00:00+00:00,hiero-cli,tooling,3,1
2026-01-04 00:00:00+00:00,hiero-cli,tooling,2,1
2025-01-12 00:00:00+00:00,hiero-sdk-go,sdks,8,1
2025-01-19 00:00:00+00:00,hiero-sdk-go,sdks,7,1
2025-01-26 00:00:00+00:00,hiero-sdk-go,sdks,7,1
2025-02-02 00:00:00+00:00,hiero-sdk-go,sdks,4,1
2025-02-09 00:00:00+00:00,hiero-sdk-go,sdks,8,1
2025-02-16 00:00:00+00:00,hiero-sdk-go,sdks,6,1
2025-02-23 00:00:00+00:00,hiero-sdk-go,sdks,2,1
2025-03-02 00:00:00+00:00,hiero-sdk-go,sdks,8,1
2025-03-09 00:00:00+00:00,hiero-sdk-go,sdks,4,1
2025-03-16 00:00:00+00:00,hiero-sdk-go,sdks,6,1
2025-03-23 00:00:00+00:00,hiero-sdk-go,sdks,8,1
2025-03-30 00:00:00+00:00,hiero-sdk-go,sdks,4,1
2025-04-06 00:00:00+00:00,hiero-sdk-go,sdks,6,1
2025-04-13 00:00:00+00:00,hiero-sdk-go,sdks,4,1
2025-04-20 00:00:00+00:00,hiero-sdk-go,sdks,4,1
2025-04-27 00:00:00+00:00,hiero-sdk-go,sdks,4,1
2025-05-04 00:00:00+00:00,hiero-sdk-go,sdks,5,1
2025-05-11 00:00:00+00:00,hiero-sdk-go,sdks,2,1
2025-05-18 00:00:00+00:00,hiero-sdk-go,sdks,2,1
2025-05-25 00:00:00+00:00,hiero-sdk-go,sdks,3,1
2025-06-01 00:00:00+00:00,hiero-sdk-go,sdks,3,1
2025-06-08 00:00:00+00:00,hiero-sdk-go,sdks,4,1
2025-06-15 00:00:00+00:00,hiero-sdk-go,sdks,4,1
2025-06-22 00:00:00+00:00,hiero-sdk-go,sdks,4,1
2025-06-29 00:00:00+00:00,hiero-sdk-go,sdks,3,1
2025-07-06 00:00:00+00:00,hiero-sdk-go,sdks,8,1
2025-07-13 00:00:00+00:00,hiero-sdk-go,sdks,2,1
2025-07-20 00:00:00+00:00,hiero-sdk-go,sdks,4,1
2025-07-27 00:00:00+00:00,hiero-sdk-go,sdks,2,1
2025-08-03 00:00:00+00:00,hiero-sdk-go,sdks,2,1
2025-08-10 00:00:00+00:00,hiero-sdk-go,sdks,3,1
2025-08-17 00:00:00+00:00,hiero-sdk-go,sdks,1,1
2025-08-24 00:00:00+00:00,hiero-sdk-go,sdks,5,1
2025-08-31 00:00:00+00:00,hiero-sdk-go,sdks,2,1
2025-09-07 00:00:00+00:00,hiero-sdk-go,sdks,4,1
2025-09-14 00:00:00+00:00,hiero-sdk-go,sdks,5,1
2025-09-21 00:00:00+00:00,hiero-sdk-go,sdks,6,1
2025-09-28 00:00:00+00:00,hiero-sdk-go,sdks,5,1
2025-10-05 00:00:00+00:00,hiero-sdk-go,sdks,2,1
2025-10-12 00:00:00+00:00,hiero-sdk-go,sdks,7,1
2025-10-19 00:00:00+00:00,hiero-sdk-go,sdks,1,1
2025-10-26 00:00:00+00:00,hiero-sdk-go,sdks,6,1
2025-11-02 00:00:00+00:00,hiero-sdk-go,sdks,1,1
2025-11-09 00:00:00+00:00,hiero-sdk-go,sdks,6,1
2025-11-16 00:00:00+00:00,hiero-sdk-go,sdks,5,1
2025-11-23 00:00:00+00:00,hiero-sdk-go,sdks,2,1
2025-11-30 00:00:00+00:00,hiero-sdk-go,sdks,0,0
2025-12-07 00:00:00+00:00,hiero-sdk-go,sdks,4,1
2025-12-14 00:00:00+00:00,hiero-sdk-go,sdks,3,1
2025-12-21 00:00:00+00:00,hiero-sdk-go,sdks,0,0
2025-12-28 00:00:00+00:00,hiero-sdk-go,sdks,0,0
2026-01-04 00:00:00+00:00,hiero-sdk-go,sdks,0,0
2025-01-12 00:00:00+00:00,hiero-sdk-swift,sdks,1,1
2025-01-19 00:00:00+00:00,hiero-sdk-swift,sdks,2,1
2025-01-26 00:00:00+00:00,hiero-sdk-swift,sdks,0,0
2025-02-02 00:00:00+00:00,hiero-sdk-swift,sdks,2,1
2025-02-09 00:00:00+00:00,hiero-sdk-swift,sdks,1,1
2025-02-16 00:00:00+00:00,hiero-sdk-swift,sdks,0,0
2025-02-23 00:00:00+00:00,hiero-sdk-swift,sdks,2,1
2025-03-02 00:00:00+00:00,hiero-sdk-swift,sdks,0,0
2025-03-09 00:00:00+00:00,hiero-sdk-swift,sdks,1,1
2025-03-16 00:00:00+00:00,hiero-sdk-swift,sdks,0,0
2025-03-23 00:00:00+00:00,hiero-sdk-swift,sdks,3,1
2025-03-30 00:00:00+00:00,hiero-sdk-swift,sdks,1,1
2025-04-06 00:00:00+00:00,hiero-sdk-swift,sdks,0,0
2025-04-13 00:00:00+00:00,hiero-sdk-swift,sdks,0,0
2025-04-20 00:00:00+00:00,hiero-sdk-swift,sdks,0,0
2025-04-27 00:00:00+00:00,hiero-sdk-swift,sdks,0,0
2025-05-04 00:00:00+00:00,hiero-sdk-swift,sdks,0,0
2025-05-11 00:00:00+00:00,hiero-sdk-swift,sdks,3,1
2025-05-18 00:00:00+00:00,hiero-sdk-swift,sdks,2,1
2025-05-25 00:00:00+00:00,hiero-sdk-swift,sdks,0,0
2025-06-01 00:00:00+00:00,hiero-sdk-swift,sdks,0,0
2025-06-08 00:00:00+00:00,hiero-sdk-swift,sdks,3,1
2025-06-15 00:00:00+00:00,hiero-sdk-swift,sdks,2,1
2025-06-22 00:00:00+00:00,hiero-sdk-swift,sdks,0,0
2025-06-29 00:00:00+00:00,hiero-sdk-swift,sdks,0,0
2025-07-06 00:00:00+00:00,hiero-sdk-swift,sdks,2,1
2025-07-13 00:00:00+00:00,hiero-sdk-swift,sdks,1,1
2025-07-20 00:00:00+00:00,hiero-sdk-swift,sdks,3,1
2025-07-27 00:00:00+00:00,hiero-sdk-swift,sdks,1,1
2025-08-03 00:00:00+00:00,hiero-sdk-swift,sdks,1,1
2025-08-10 00:00:00+00:00,hiero-sdk-swift,sdks,1,1
2025-08-17 00:00:00+00:00,hiero-sdk-swift,sdks,0,0
2025-08-24 00:00:00+00:00,hiero-sdk-swift,sdks,1,1
2025-08-31 00:00:00+00:00,hiero-sdk-swift,sdks,0,0
2025-09-07 00:00:00+00:00,hiero-sdk-swift,sdks,0,0
2025-09-14 00:00:00+00:00,hiero-sdk-swift,sdks,1,1
2025-09-21 00:00:00+00:00,hiero-sdk-swift,sdks,0,0
2025-09-28 00:00:00+00:00,hiero-sdk-swift,sdks,0,0
2025-10-05 00:00:00+00:00,hiero-sdk-swift,sdks,0,0
2025-10-12 00:00:00+00:00,hiero-sdk-swift,sdks,0,0
2025-10-19 00:00:00+00:00,hiero-sdk-swift,sdks,0,0
2025-10-26 00:00:00+00:00,hiero-sdk-swift,sdks,0,0
2025-11-02 00:00:00+00:00,hiero-sdk-swift,sdks,0,0
2025-11-09 00:00:00+00:00,hiero-sdk-swift,sdks,2,1
2025-11-16 00:00:00+00:00,hiero-sdk-swift,sdks,0,0
2025-11-23 00:00:00+00:00,hiero-sdk-swift,sdks,0,0
2025-11-30 00:00:00+00:00,hiero-sdk-swift,sdks,0,0
2025-12-07 00:00:00+00:00,hiero-sdk-swift,sdks,1,1
2025-12-14 00:00:00+00:00,hiero-sdk-swift,sdks,3,1
2025-12-21 00:00:00+00:00,hiero-sdk-swift,sdks,3,1
2025-12-28 00:00:00+00:00,hiero-sdk-swift,sdks,0,0
2026-01-04 00:00:00+00:00,hiero-sdk-swift,sdks,1,1
2025-01-12 00:00:00+00:00,hiero-consensus-node,core,54,1
2025-01-19 00:00:00+00:00,hiero-consensus-node,core,33,1
2025-01-26 00:00:00+00:00,hiero-consensus-node,core,56,1
2025-02-02 00:00:00+00:00,hiero-consensus-node,core,51,1
2025-02-09 00:00:00+00:00,hiero-consensus-node,core,34,1
2025-02-16 00:00:00+00:00,hiero-consensus-node,core,72,1
2025-02-23 00:00:00+00:00,hiero-consensus-node,core,73,1
2025-03-02 00:00:00+00:00,hiero-consensus-node,core,88,1
2025-03-09 00:00:00+00:00,hiero-consensus-node,core,16,1
2025-03-16 00:00:00+00:00,hiero-consensus-node,core,51,1
2025-03-23 00:00:00+00:00,hiero-consensus-node,core,57,1
2025-03-30 00:00:00+00:00,hiero-consensus-node,core,55,1
2025-04-06 00:00:00+00:00,hiero-consensus-node,core,78,1
2025-04-13 00:00:00+00:00,hiero-consensus-node,core,77,1
2025-04-20 00:00:00+00:00,hiero-consensus-node,core,39,1
2025-04-27 00:00:00+00:00,hiero-consensus-node,core,6,1
2025-05-04 00:00:00+00:00,hiero-consensus-node,core,60,1
2025-05-11 00:00:00+00:00,hiero-consensus-node,core,47,1
2025-05-18 00:00:00+00:00,hiero-consensus-node,core,41,1
2025-05-25 00:00:00+00:00,hiero-consensus-node,core,35,1
2025-06-01 00:00:00+00:00,hiero-consensus-node,core,61,1
2025-06-08 00:00:00+00:00,hiero-consensus-node,core,37,1
2025-06-15 00:00:00+00:00,hiero-consensus-node,core,38,1
2025-06-22 00:00:00+00:00,hiero-consensus-node,core,53,1
2025-06-29 00:00:00+00:00,hiero-consensus-node,core,69,1
2025-07-06 00:00:00+00:00,hiero-consensus-node,core,48,1
2025-07-13 00:00:00+00:00,hiero-consensus-node,core,43,1
2025-07-20 00:00:00+00:00,hiero-consensus-node,core,30,1
2025-07-27 00:00:00+00:00,hiero-consensus-node,core,60,1
2025-08-03 00:00:00+00:00,hiero-consensus-node,core,45,1
2025-08-10 00:00:00+00:00,hiero-consensus-node,core,34,1
2025-08-17 00:00:00+00:00,hiero-consensus-node,core,48,1
2025-08-24 00:00:00+00:00,hiero-consensus-node,core,38,1
2025-08-31 00:00:00+00:00,hiero-consensus-node,core,47,1
2025-09-07 00:00:00+00:00,hiero-consensus-node,core,4,1
2025-09-14 00:00:00+00:00,hiero-consensus-node,core,57,1
2025-09-21 00:00:00+00:00,hiero-consensus-node,core,54,1
2025-09-28 00:00:00+00:00,hiero-consensus-node,core,60,1
2025-10-05 00:00:00+00:00,hiero-consensus-node,core,70,1
2025-10-12 00:00:00+00:00,hiero-consensus-node,core,84,1
2025-10-19 00:00:00+00:00,hiero-consensus-node,core,69,1
2025-10-26 00:00:00+00:00,hiero-consensus-node,core,43,1
2025-11-02 00:00:00+00:00,hiero-consensus-node,core,66,1
2025-11-09 00:00:00+00:00,hiero-consensus-node,core,42,1
2025-11-16 00:00:00+00:00,hiero-consensus-node,core,50,1
2025-11-23 00:00:00+00:00,hiero-consensus-node,core,27,1
2025-11-30 00:00:00+00:00,hiero-consensus-node,core,30,1
2025-12-07 00:00:00+00:00,hiero-consensus-node,core,54,1
2025-12-14 00:00:00+00:00,hiero-consensus-node,core,39,1
2025-12-21 00:00:00+00:00,hiero-consensus-node,core,18,1
2025-12-28 00:00:00+00:00,hiero-consensus-node,core,3,1
2026-01-04 00:00:00+00:00,hiero-consensus-node,core,4,1
2025-01-12 00:00:00+00:00,hiero-docs,docs,9,1
2025-01-19 00:00:00+00:00,hiero-docs,docs,6,1
2025-01-26 00:00:00+00:00,hiero-docs,docs,9,1
2025-02-02 00:00:00+00:00,hiero-docs,docs,12,1
2025-02-09 00:00:00+00:00,hiero-docs,docs,12,1
2025-02-16 00:00:00+00:00,hiero-docs,docs,6,1
2025-02-23 00:00:00+00:00,hiero-docs,docs,5,1
2025-03-02 00:00:00+00:00,hiero-docs,docs,1,1
2025-03-09 00:00:00+00:00,hiero-docs,docs,0,0
2025-03-16 00:00:00+00:00,hiero-docs,docs,0,0
2025-03-23 00:00:00+00:00,hiero-docs,docs,1,1
2025-03-30 00:00:00+00:00,hiero-docs,docs,1,1
2025-04-06 00:00:00+00:00,hiero-docs,docs,1,1
2025-04-13 00:00:00+00:00,hiero-docs,docs,0,0
2025-04-20 00:00:00+00:00,hiero-docs,docs,0,0
2025-04-27 00:00:00+00:00,hiero-docs,docs,0,0
2025-05-04 00:00:00+00:00,hiero-docs,docs,1,1
2025-05-11 00:00:00+00:00,hiero-docs,docs,2,1
2025-05-18 00:00:00+00:00,hiero-docs,docs,1,1
2025-05-25 00:00:00+00:00,hiero-docs,docs,0,0
2025-06-01 00:00:00+00:00,hiero-docs,docs,1,1
2025-06-08 00:00:00+00:00,hiero-docs,docs,1,1
2025-06-15 00:00:00+00:00,hiero-docs,docs,2,1
2025-06-22 00:00:00+00:00,hiero-docs,docs,0,0
2025-06-29 00:00:00+00:00,hiero-docs,docs,0,0
2025-07-06 00:00:00+00:00,hiero-docs,docs,1,1
2025-07-13 00:00:00+00:00,hiero-docs,docs,0,0
2025-07-20 00:00:00+00:00,hiero-docs,docs,0,0
2025-07-27 00:00:00+00:00,hiero-docs,docs,0,0
2025-08-03 00:00:00+00:00,hiero-docs,docs,0,0
2025-08-10 00:00:00+00:00,hiero-docs,docs,0,0
2025-08-17 00:00:00+00:00,hiero-docs,docs,0,0
2025-08-24 00:00:00+00:00,hiero-docs,docs,0,0
2025-08-31 00:00:00+00:00,hiero-docs,docs,0,0
2025-09-07 00:00:00+00:00,hiero-docs,docs,0,0
2025-09-14 00:00:00+00:00,hiero-docs,docs,0,0
2025-09-21 00:00:00+00:00,hiero-docs,docs,0,0
2025-09-28 00:00:00+00:00,hiero-docs,docs,0,0
2025-10-05 00:00:00+00:00,hiero-docs,docs,2,1
2025-10-12 00:00:00+00:00,hiero-docs,docs,0,0
2025-10-19 00:00:00+00:00,hiero-docs,docs,0,0
2025-10-26 00:00:00+00:00,hiero-docs,docs,0,0
2025-11-02 00:00:00+00:00,hiero-docs,docs,0,0
2025-11-09 00:00:00+00:00,hiero-docs,docs,0,0
2025-11-16 00:00:00+00:00,hiero-docs,docs,1,1
2025-11-23 00:00:00+00:00,hiero-docs,docs,0,0
2025-11-30 00:00:00+00:00,hiero-docs,docs,0,0
2025-12-07 00:00:00+00:00,hiero-docs,docs,0,0
2025-12-14 00:00:00+00:00,hiero-docs,docs,0,0
2025-12-21 00:00:00+00:00,hiero-docs,docs,0,0
2025-12-28 00:00:00+00:00,hiero-docs,docs,0,0
2026-01-04 00:00:00+00:00,hiero-docs,docs,0,0
2025-01-12 00:00:00+00:00,hiero-local-node,tooling,8,1
2025-01-19 00:00:00+00:00,hiero-local-node,tooling,1,1
2025-01-26 00:00:00+00:00,hiero-local-node,tooling,0,0
2025-02-02 00:00:00+00:00,hiero-local-node,tooling,0,0
2025-02-09 00:00:00+00:00,hiero-local-node,tooling,4,1
2025-02-16 00:00:00+00:00,hiero-local-node,tooling,22,1
2025-02-23 00:00:00+00:00,hiero-local-node,tooling,6,1
2025-03-02 00:00:00+00:00,hiero-local-node,tooling,0,0
2025-03-09 00:00:00+00:00,hiero-local-node,tooling,0,0
2025-03-16 00:00:00+00:00,hiero-local-node,tooling,1,1
2025-03-23 00:00:00+00:00,hiero-local-node,tooling,2,1
2025-03-30 00:00:00+00:00,hiero-local-node,tooling,2,1
2025-04-06 00:00:00+00:00,hiero-local-node,tooling,2,1
2025-04-13 00:00:00+00:00,hiero-local-node,tooling,1,1
2025-04-20 00:00:00+00:00,hiero-local-node,tooling,1,1
2025-04-27 00:00:00+00:00,hiero-local-node,tooling,0,0
2025-05-04 00:00:00+00:00,hiero-local-node,tooling,5,1
2025-05-11 00:00:00+00:00,hiero-local-node,tooling,5,1
2025-05-18 00:00:00+00:00,hiero-local-node,tooling,3,1
2025-05-25 00:00:00+00:00,hiero-local-node,tooling,9,1
2025-06-01 00:00:00+00:00,hiero-local-node,tooling,1,1
2025-06-08 00:00:00+00:00,hiero-local-node,tooling,4,1
2025-06-15 00:00:00+00:00,hiero-local-node,tooling,1,1
2025-06-22 00:00:00+00:00,hiero-local-node,tooling,0,0
2025-06-29 00:00:00+00:00,hiero-local-node,tooling,0,0
2025-07-06 00:00:00+00:00,hiero-local-node,tooling,1,1
2025-07-13 00:00:00+00:00,hiero-local-node,tooling,6,1
2025-07-20 00:00:00+00:00,hiero-local-node,tooling,0,0
2025-07-27 00:00:00+00:00,hiero-local-node,tooling,1,1
2025-08-03 00:00:00+00:00,hiero-local-node,tooling,0,0
2025-08-10 00:00:00+00:00,hiero-local-node,tooling,1,1
2025-08-17 00:00:00+00:00,hiero-local-node,tooling,0,0
2025-08-24 00:00:00+00:00,hiero-local-node,tooling,0,0
2025-08-31 00:00:00+00:00,hiero-local-node,tooling,0,0
2025-09-07 00:00:00+00:00,hiero-local-node,tooling,2,1
2025-09-14 00:00:00+00:00,hiero-local-node,tooling,1,1
2025-09-21 00:00:00+00:00,hiero-local-node,tooling,0,0
2025-09-28 00:00:00+00:00,hiero-local-node,tooling,1,1
2025-10-05 00:00:00+00:00,hiero-local-node,tooling,1,1
2025-10-12 00:00:00+00:00,hiero-local-node,tooling,0,0
2025-10-19 00:00:00+00:00,hiero-local-node,tooling,0,0
2025-10-26 00:00:00+00:00,hiero-local-node,tooling,1,1
2025-11-02 00:00:00+00:00,hiero-local-node,tooling,0,0
2025-11-09 00:00:00+00:00,hiero-local-node,tooling,0,0
2025-11-16 00:00:00+00:00,hiero-local-node,tooling,1,1
2025-11-23 00:00:00+00:00,hiero-local-node,tooling,0,0
2025-11-30 00:00:00+00:00,hiero-local-node,tooling,0,0
2025-12-07 00:00:00+00:00,hiero-local-node,tooling,2,1
2025-12-14 00:00:00+00:00,hiero-local-node,tooling,1,1
2025-12-21 00:00:00+00:00,hiero-local-node,tooling,1,1
2025-12-28 00:00:00+00:00,hiero-local-node,tooling,0,0
2026-01-04 00:00:00+00:00,hiero-local-node,tooling,2,1
2025-01-12 00:00:00+00:00,hiero-sdk-rust,sdks,0,0
2025-01-19 00:00:00+00:00,hiero-sdk-rust,sdks,0,0
2025-01-26 00:00:00+00:00,hiero-sdk-rust,sdks,0,0
2025-02-02 00:00:00+00:00,hiero-sdk-rust,sdks,1,1
2025-02-09 00:00:00+00:00,hiero-sdk-rust,sdks,1,1
2025-02-16 00:00:00+00:00,hiero-sdk-rust,sdks,3,1
2025-02-23 00:00:00+00:00,hiero-sdk-rust,sdks,1,1
2025-03-02 00:00:00+00:00,hiero-sdk-rust,sdks,0,0
2025-03-09 00:00:00+00:00,hiero-sdk-rust,sdks,1,1
2025-03-16 00:00:00+00:00,hiero-sdk-rust,sdks,2,1
2025-03-23 00:00:00+00:00,hiero-sdk-rust,sdks,4,1
2025-03-30 00:00:00+00:00,hiero-sdk-rust,sdks,2,1
2025-04-06 00:00:00+00:00,hiero-sdk-rust,sdks,2,1
2025-04-13 00:00:00+00:00,hiero-sdk-rust,sdks,3,1
2025-04-20 00:00:00+00:00,hiero-sdk-rust,sdks,1,1
2025-04-27 00:00:00+00:00,hiero-sdk-rust,sdks,0,0
2025-05-04 00:00:00+00:00,hiero-sdk-rust,sdks,6,1
2025-05-11 00:00:00+00:00,hiero-sdk-rust,sdks,7,1
2025-05-18 00:00:00+00:00,hiero-sdk-rust,sdks,5,1
2025-05-25 00:00:00+00:00,hiero-sdk-rust,sdks,5,1
2025-06-01 00:00:00+00:00,hiero-sdk-rust,sdks,6,1
2025-06-08 00:00:00+00:00,hiero-sdk-rust,sdks,7,1
2025-06-15 00:00:00+00:00,hiero-sdk-rust,sdks,5,1
2025-06-22 00:00:00+00:00,hiero-sdk-rust,sdks,8,1
2025-06-29 00:00:00+00:00,hiero-sdk-rust,sdks,1,1
2025-07-06 00:00:00+00:00,hiero-sdk-rust,sdks,9,1
2025-07-13 00:00:00+00:00,hiero-sdk-rust,sdks,8,1
2025-07-20 00:00:00+00:00,hiero-sdk-rust,sdks,6,1
2025-07-27 00:00:00+00:00,hiero-sdk-rust,sdks,7,1
2025-08-03 00:00:00+00:00,hiero-sdk-rust,sdks,10,1
2025-08-10 00:00:00+00:00,hiero-sdk-rust,sdks,6,1
2025-08-17 00:00:00+00:00,hiero-sdk-rust,sdks,10,1
2025-08-24 00:00:00+00:00,hiero-sdk-rust,sdks,0,0
2025-08-31 00:00:00+00:00,hiero-sdk-rust,sdks,5,1
2025-09-07 00:00:00+00:00,hiero-sdk-rust,sdks,0,0
2025-09-14 00:00:00+00:00,hiero-sdk-rust,sdks,6,1
2025-09-21 00:00:00+00:00,hiero-sdk-rust,sdks,0,0
2025-09-28 00:00:00+00:00,hiero-sdk-rust,sdks,0,0
2025-10-05 00:00:00+00:00,hiero-sdk-rust,sdks,0,0
2025-10-12 00:00:00+00:00,hiero-sdk-rust,sdks,6,1
2025-10-19 00:00:00+00:00,hiero-sdk-rust,sdks,7,1
2025-10-26 00:00:00+00:00,hiero-sdk-rust,sdks,1,1
2025-11-02 00:00:00+00:00,hiero-sdk-rust,sdks,1,1
2025-11-09 00:00:00+00:00,hiero-sdk-rust,sdks,0,0
2025-11-16 00:00:00+00:00,hiero-sdk-rust,sdks,0,0
2025-11-23 00:00:00+00:00,hiero-sdk-rust,sdks,4,1
2025-11-30 00:00:00+00:00,hiero-sdk-rust,sdks,4,1
2025-12-07 00:00:00+00:00,hiero-sdk-rust,sdks,2,1
2025-12-14 00:00:00+00:00,hiero-sdk-rust,sdks,0,0
2025-12-21 00:00:00+00:00,hiero-sdk-rust,sdks,0,0
2025-12-28 00:00:00+00:00,hiero-sdk-rust,sdks,0,0
2026-01-04 00:00:00+00:00,hiero-sdk-rust,sdks,1,1
2025-01-12 00:00:00+00:00,hiero-json-rpc-relay,docs,9,1
2025-01-19 00:00:00+00:00,hiero-json-rpc-relay,docs,6,1
2025-01-26 00:00:00+00:00,hiero-json-rpc-relay,docs,6,1
2025-02-02 00:00:00+00:00,hiero-json-rpc-relay,docs,10,1
2025-02-09 00:00:00+00:00,hiero-json-rpc-relay,docs,4,1
2025-02-16 00:00:00+00:00,hiero-json-rpc-relay,docs,9,1
2025-02-23 00:00:00+00:00,hiero-json-rpc-relay,docs,4,1
2025-03-02 00:00:00+00:00,hiero-json-rpc-relay,docs,5,1
2025-03-09 00:00:00+00:00,hiero-json-rpc-relay,docs,8,1
2025-03-16 00:00:00+00:00,hiero-json-rpc-relay,docs,7,1
2025-03-23 00:00:00+00:00,hiero-json-rpc-relay,docs,12,1
2025-03-30 00:00:00+00:00,hiero-json-rpc-relay,docs,13,1
2025-04-06 00:00:00+00:00,hiero-json-rpc-relay,docs,17,1
2025-04-13 00:00:00+00:00,hiero-json-rpc-relay,docs,21,1
2025-04-20 00:00:00+00:00,hiero-json-rpc-relay,docs,2,1
2025-04-27 00:00:00+00:00,hiero-json-rpc-relay,docs,3,1
2025-05-04 00:00:00+00:00,hiero-json-rpc-relay,docs,6,1
2025-05-11 00:00:00+00:00,hiero-json-rpc-relay,docs,6,1
2025-05-18 00:00:00+00:00,hiero-json-rpc-relay,docs,7,1
2025-05-25 00:00:00+00:00,hiero-json-rpc-relay,docs,3,1
2025-06-01 00:00:00+00:00,hiero-json-rpc-relay,docs,7,1
2025-06-08 00:00:00+00:00,hiero-json-rpc-relay,docs,7,1
2025-06-15 00:00:00+00:00,hiero-json-rpc-relay,docs,8,1
2025-06-22 00:00:00+00:00,hiero-json-rpc-relay,docs,4,1
2025-06-29 00:00:00+00:00,hiero-json-rpc-relay,docs,11,1
2025-07-06 00:00:00+00:00,hiero-json-rpc-relay,docs,7,1
2025-07-13 00:00:00+00:00,hiero-json-rpc-relay,docs,17,1
2025-07-20 00:00:00+00:00,hiero-json-rpc-relay,docs,17,1
2025-07-27 00:00:00+00:00,hiero-json-rpc-relay,docs,63,1
2025-08-03 00:00:00+00:00,hiero-json-rpc-relay,docs,34,1
2025-08-10 00:00:00+00:00,hiero-json-rpc-relay,docs,16,1
2025-08-17 00:00:00+00:00,hiero-json-rpc-relay,docs,12,1
2025-08-24 00:00:00+00:00,hiero-json-rpc-relay,docs,8,1
2025-08-31 00:00:00+00:00,hiero-json-rpc-relay,docs,10,1
2025-09-07 00:00:00+00:00,hiero-json-rpc-relay,docs,3,1
2025-09-14 00:00:00+00:00,hiero-json-rpc-relay,docs,4,1
2025-09-21 00:00:00+00:00,hiero-json-rpc-relay,docs,0,0
2025-09-28 00:00:00+00:00,hiero-json-rpc-relay,docs,6,1
2025-10-05 00:00:00+00:00,hiero-json-rpc-relay,docs,2,1
2025-10-12 00:00:00+00:00,hiero-json-rpc-relay,docs,6,1
2025-10-19 00:00:00+00:00,hiero-json-rpc-relay,docs,18,1
2025-10-26 00:00:00+00:00,hiero-json-rpc-relay,docs,20,1
2025-11-02 00:00:00+00:00,hiero-json-rpc-relay,docs,5,1
2025-11-09 00:00:00+00:00,hiero-json-rpc-relay,docs,10,1
2025-11-16 00:00:00+00:00,hiero-json-rpc-relay,docs,2,1
2025-11-23 00:00:00+00:00,hiero-json-rpc-relay,docs,9,1
2025-11-30 00:00:00+00:00,hiero-json-rpc-relay,docs,4,1
2025-12-07 00:00:00+00:00,hiero-json-rpc-relay,docs,5,1
2025-12-14 00:00:00+00:00,hiero-json-rpc-relay,docs,22,1
2025-12-21 00:00:00+00:00,hiero-json-rpc-relay,docs,0,0
2025-12-28 00:00:00+00:00,hiero-json-rpc-relay,docs,0,0
2026-01-04 00:00:00+00:00,hiero-json-rpc-relay,docs,3,1
2025-01-12 00:00:00+00:00,hiero-mirror-node-explorer,core,4,1
2025-01-19 00:00:00+00:00,hiero-mirror-node-explorer,core,6,1
2025-01-26 00:00:00+00:00,hiero-mirror-node-explorer,core,2,1
2025-02-02 00:00:00+00:00,hiero-mirror-node-explorer,core,5,1
2025-02-09 00:00:00+00:00,hiero-mirror-node-explorer,core,1,1
2025-02-16 00:00:00+00:00,hiero-mirror-node-explorer,core,11,1
2025-02-23 00:00:00+00:00,hiero-mirror-node-explorer,core,23,1
2025-03-02 00:00:00+00:00,hiero-mirror-node-explorer,core,27,1
2025-03-09 00:00:00+00:00,hiero-mirror-node-explorer,core,23,1
2025-03-16 00:00:00+00:00,hiero-mirror-node-explorer,core,10,1
2025-03-23 00:00:00+00:00,hiero-mirror-node-explorer,core,27,1
2025-03-30 00:00:00+00:00,hiero-mirror-node-explorer,core,15,1
2025-04-06 00:00:00+00:00,hiero-mirror-node-explorer,core,17,1
2025-04-13 00:00:00+00:00,hiero-mirror-node-explorer,core,7,1
2025-04-20 00:00:00+00:00,hiero-mirror-node-explorer,core,17,1
2025-04-27 00:00:00+00:00,hiero-mirror-node-explorer,core,17,1
2025-05-04 00:00:00+00:00,hiero-mirror-node-explorer,core,26,1
2025-05-11 00:00:00+00:00,hiero-mirror-node-explorer,core,13,1
2025-05-18 00:00:00+00:00,hiero-mirror-node-explorer,core,27,1
2025-05-25 00:00:00+00:00,hiero-mirror-node-explorer,core,18,1
2025-06-01 00:00:00+00:00,hiero-mirror-node-explorer,core,19,1
2025-06-08 00:00:00+00:00,hiero-mirror-node-explorer,core,14,1
2025-06-15 00:00:00+00:00,hiero-mirror-node-explorer,core,30,1
2025-06-22 00:00:00+00:00,hiero-mirror-node-explorer,core,9,1
2025-06-29 00:00:00+00:00,hiero-mirror-node-explorer,core,14,1
2025-07-06 00:00:00+00:00,hiero-mirror-node-explorer,core,11,1
2025-07-13 00:00:00+00:00,hiero-mirror-node-explorer,core,2,1
2025-07-20 00:00:00+00:00,hiero-mirror-node-explorer,core,16,1
2025-07-27 00:00:00+00:00,hiero-mirror-node-explorer,core,20,1
2025-08-03 00:00:00+00:00,hiero-mirror-node-explorer,core,7,1
2025-08-10 00:00:00+00:00,hiero-mirror-node-explorer,core,2,1
2025-08-17 00:00:00+00:00,hiero-mirror-node-explorer,core,3,1
2025-08-24 00:00:00+00:00,hiero-mirror-node-explorer,core,0,0
2025-08-31 00:00:00+00:00,hiero-mirror-node-explorer,core,0,0
2025-09-07 00:00:00+00:00,hiero-mirror-node-explorer,core,2,1
2025-09-14 00:00:00+00:00,hiero-mirror-node-explorer,core,2,1
2025-09-21 00:00:00+00:00,hiero-mirror-node-explorer,core,4,1
2025-09-28 00:00:00+00:00,hiero-mirror-node-explorer,core,4,1
2025-10-05 00:00:00+00:00,hiero-mirror-node-explorer,core,2,1
2025-10-12 00:00:00+00:00,hiero-mirror-node-explorer,core,0,0
2025-10-19 00:00:00+00:00,hiero-mirror-node-explorer,core,1,1
2025-10-26 00:00:00+00:00,hiero-mirror-node-explorer,core,3,1
2025-11-02 00:00:00+00:00,hiero-mirror-node-explorer,core,1,1
2025-11-09 00:00:00+00:00,hiero-mirror-node-explorer,core,2,1
2025-11-16 00:00:00+00:00,hiero-mirror-node-explorer,core,3,1
2025-11-23 00:00:00+00:00,hiero-mirror-node-explorer,core,0,0
2025-11-30 00:00:00+00:00,hiero-mirror-node-explorer,core,1,1
2025-12-07 00:00:00+00:00,hiero-mirror-node-explorer,core,3,1
2025-12-14 00:00:00+00:00,hiero-mirror-node-explorer,core,1,1
2025-12-21 00:00:00+00:00,hiero-mirror-node-explorer,core,1,1
2025-12-28 00:00:00+00:00,hiero-mirror-node-explorer,core,0,0
2026-01-04 00:00:00+00:00,hiero-mirror-node-explorer,core,2,1
2025-01-12 00:00:00+00:00,hiero-sdk-tck,sdks,1,1
2025-01-19 00:00:00+00:00,hiero-sdk-tck,sdks,0,0
2025-01-26 00:00:00+00:00,hiero-sdk-tck,sdks,5,1
2025-02-02 00:00:00+00:00,hiero-sdk-tck,sdks,2,1
2025-02-09 00:00:00+00:00,hiero-sdk-tck,sdks,2,1
2025-02-16 00:00:00+00:00,hiero-sdk-tck,sdks,1,1
2025-02-23 00:00:00+00:00,hiero-sdk-tck,sdks,4,1
2025-03-02 00:00:00+00:00,hiero-sdk-tck,sdks,0,0
2025-03-09 00:00:00+00:00,hiero-sdk-tck,sdks,4,1
2025-03-16 00:00:00+00:00,hiero-sdk-tck,sdks,1,1
2025-03-23 00:00:00+00:00,hiero-sdk-tck,sdks,2,1
2025-03-30 00:00:00+00:00,hiero-sdk-tck,sdks,4,1
2025-04-06 00:00:00+00:00,hiero-sdk-tck,sdks,7,1
2025-04-13 00:00:00+00:00,hiero-sdk-tck,sdks,0,0
2025-04-20 00:00:00+00:00,hiero-sdk-tck,sdks,3,1
2025-04-27 00:00:00+00:00,hiero-sdk-tck,sdks,1,1
2025-05-04 00:00:00+00:00,hiero-sdk-tck,sdks,2,1
2025-05-11 00:00:00+00:00,hiero-sdk-tck,sdks,0,0
2025-05-18 00:00:00+00:00,hiero-sdk-tck,sdks,3,1
2025-05-25 00:00:00+00:00,hiero-sdk-tck,sdks,0,0
2025-06-01 00:00:00+00:00,hiero-sdk-tck,sdks,4,1
2025-06-08 00:00:00+00:00,hiero-sdk-tck,sdks,6,1
2025-06-15 00:00:00+00:00,hiero-sdk-tck,sdks,6,1
2025-06-22 00:00:00+00:00,hiero-sdk-tck,sdks,6,1
2025-06-29 00:00:00+00:00,hiero-sdk-tck,sdks,2,1
2025-07-06 00:00:00+00:00,hiero-sdk-tck,sdks,7,1
2025-07-13 00:00:00+00:00,hiero-sdk-tck,sdks,5,1
2025-07-20 00:00:00+00:00,hiero-sdk-tck,sdks,8,1
2025-07-27 00:00:00+00:00,hiero-sdk-tck,sdks,4,1
2025-08-03 00:00:00+00:00,hiero-sdk-tck,sdks,2,1
2025-08-10 00:00:00+00:00,hiero-sdk-tck,sdks,2,1
2025-08-17 00:00:00+00:00,hiero-sdk-tck,sdks,5,1
2025-08-24 00:00:00+00:00,hiero-sdk-tck,sdks,17,1
2025-08-31 00:00:00+00:00,hiero-sdk-tck,sdks,7,1
2025-09-07 00:00:00+00:00,hiero-sdk-tck,sdks,2,1
2025-09-14 00:00:00+00:00,hiero-sdk-tck,sdks,6,1
2025-09-21 00:00:00+00:00,hiero-sdk-tck,sdks,0,0
2025-09-28 00:00:00+00:00,hiero-sdk-tck,sdks,3,1
2025-10-05 00:00:00+00:00,hiero-sdk-tck,sdks,0,0
2025-10-12 00:00:00+00:00,hiero-sdk-tck,sdks,2,1
2025-10-19 00:00:00+00:00,hiero-sdk-tck,sdks,1,1
2025-10-26 00:00:00+00:00,hiero-sdk-tck,sdks,0,0
2025-11-02 00:00:00+00:00,hiero-sdk-tck,sdks,0,0
2025-11-09 00:00:00+00:00,hiero-sdk-tck,sdks,1,1
2025-11-16 00:00:00+00:00,hiero-sdk-tck,sdks,1,1
2025-11-23 00:00:00+00:00,hiero-sdk-tck,sdks,1,1
2025-11-30 00:00:00+00:00,hiero-sdk-tck,sdks,0,0
2025-12-07 00:00:00+00:00,hiero-sdk-tck,sdks,4,1
2025-12-14 00:00:00+00:00,hiero-sdk-tck,sdks,0,0
2025-12-21 00:00:00+00:00,hiero-sdk-tck,sdks,0,0
2025-12-28 00:00:00+00:00,hiero-sdk-tck,sdks,0,0
2026-01-04 00:00:00+00:00,hiero-sdk-tck,sdks,0,0
2025-01-12 00:00:00+00:00,hiero-sdk-cpp,sdks,12,1
2025-01-19 00:00:00+00:00,hiero-sdk-cpp,sdks,4,1
2025-01-26 00:00:00+00:00,hiero-sdk-cpp,sdks,3,1
2025-02-02 00:00:00+00:00,hiero-sdk-cpp,sdks,3,1
2025-02-09 00:00:00+00:00,hiero-sdk-cpp,sdks,1,1
2025-02-16 00:00:00+00:00,hiero-sdk-cpp,sdks,3,1
2025-02-23 00:00:00+00:00,hiero-sdk-cpp,sdks,6,1
2025-03-02 00:00:00+00:00,hiero-sdk-cpp,sdks,1,1
2025-03-09 00:00:00+00:00,hiero-sdk-cpp,sdks,1,1
2025-03-16 00:00:00+00:00,hiero-sdk-cpp,sdks,4,1
2025-03-23 00:00:00+00:00,hiero-sdk-cpp,sdks,1,1
2025-03-30 00:00:00+00:00,hiero-sdk-cpp,sdks,5,1
2025-04-06 00:00:00+00:00,hiero-sdk-cpp,sdks,1,1
2025-04-13 00:00:00+00:00,hiero-sdk-cpp,sdks,5,1
2025-04-20 00:00:00+00:00,hiero-sdk-cpp,sdks,1,1
2025-04-27 00:00:00+00:00,hiero-sdk-cpp,sdks,1,1
2025-05-04 00:00:00+00:00,hiero-sdk-cpp,sdks,1,1
2025-05-11 00:00:00+00:00,hiero-sdk-cpp,sdks,5,1
2025-05-18 00:00:00+00:00,hiero-sdk-cpp,sdks,1,1
2025-05-25 00:00:00+00:00,hiero-sdk-cpp,sdks,2,1
2025-06-01 00:00:00+00:00,hiero-sdk-cpp,sdks,2,1
2025-06-08 00:00:00+00:00,hiero-sdk-cpp,sdks,1,1
2025-06-15 00:00:00+00:00,hiero-sdk-cpp,sdks,5,1
2025-06-22 00:00:00+00:00,hiero-sdk-cpp,sdks,0,0
2025-06-29 00:00:00+00:00,hiero-sdk-cpp,sdks,1,1
2025-07-06 00:00:00+00:00,hiero-sdk-cpp,sdks,4,1
2025-07-13 00:00:00+00:00,hiero-sdk-cpp,sdks,2,1
2025-07-20 00:00:00+00:00,hiero-sdk-cpp,sdks,1,1
2025-07-27 00:00:00+00:00,hiero-sdk-cpp,sdks,3,1
2025-08-03 00:00:00+00:00,hiero-sdk-cpp,sdks,1,1
2025-08-10 00:00:00+00:00,hiero-sdk-cpp,sdks,3,1
2025-08-17 00:00:00+00:00,hiero-sdk-cpp,sdks,1,1
2025-08-24 00:00:00+00:00,hiero-sdk-cpp,sdks,1,1
2025-08-31 00:00:00+00:00,hiero-sdk-cpp,sdks,2,1
2025-09-07 00:00:00+00:00,hiero-sdk-cpp,sdks,1,1
2025-09-14 00:00:00+00:00,hiero-sdk-cpp,sdks,1,1
2025-09-21 00:00:00+00:00,hiero-sdk-cpp,sdks,1,1
2025-09-28 00:00:00+00:00,hiero-sdk-cpp,sdks,0,0
2025-10-05 00:00:00+00:00,hiero-sdk-cpp,sdks,0,0
2025-10-12 00:00:00+00:00,hiero-sdk-cpp,sdks,0,0
2025-10-19 00:00:00+00:00,hiero-sdk-cpp,sdks,4,1
2025-10-26 00:00:00+00:00,hiero-sdk-cpp,sdks,3,1
2025-11-02 00:00:00+00:00,hiero-sdk-cpp,sdks,5,1
2025-11-09 00:00:00+00:00,hiero-sdk-cpp,sdks,1,1
2025-11-16 00:00:00+00:00,hiero-sdk-cpp,sdks,1,1
2025-11-23 00:00:00+00:00,hiero-sdk-cpp,sdks,3,1
2025-11-30 00:00:00+00:00,hiero-sdk-cpp,sdks,0,0
2025-12-07 00:00:00+00:00,hiero-sdk-cpp,sdks,3,1
2025-12-14 00:00:00+00:00,hiero-sdk-cpp,sdks,3,1
2025-12-21 00:00:00+00:00,hiero-sdk-cpp,sdks,0,0
2025-12-28 00:00:00+00:00,hiero-sdk-cpp,sdks,0,0
2026-01-04 00:00:00+00:00,hiero-sdk-cpp,sdks,0,0
2025-01-12 00:00:00+00:00,solo,tooling,29,1
2025-01-19 00:00:00+00:00,solo,tooling,16,1
2025-01-26 00:00:00+00:00,solo,tooling,25,1
2025-02-02 00:00:00+00:00,solo,tooling,42,1
2025-02-09 00:00:00+00:00,solo,tooling,45,1
2025-02-16 00:00:00+00:00,solo,tooling,34,1
2025-02-23 00:00:00+00:00,solo,tooling,34,1
2025-03-02 00:00:00+00:00,solo,tooling,27,1
2025-03-09 00:00:00+00:00,solo,tooling,36,1
2025-03-16 00:00:00+00:00,solo,tooling,30,1
2025-03-23 00:00:00+00:00,solo,tooling,30,1
2025-03-30 00:00:00+00:00,solo,tooling,41,1
2025-04-06 00:00:00+00:00,solo,tooling,3,1
2025-04-13 00:00:00+00:00,solo,tooling,25,1
2025-04-20 00:00:00+00:00,solo,tooling,22,1
2025-04-27 00:00:00+00:00,solo,tooling,7,1
2025-05-04 00:00:00+00:00,solo,tooling,28,1
2025-05-11 00:00:00+00:00,solo,tooling,18,1
2025-05-18 00:00:00+00:00,solo,tooling,29,1
2025-05-25 00:00:00+00:00,solo,tooling,18,1
2025-06-01 00:00:00+00:00,solo,tooling,21,1
2025-06-08 00:00:00+00:00,solo,tooling,40,1
2025-06-15 00:00:00+00:00,solo,tooling,14,1
2025-06-22 00:00:00+00:00,solo,tooling,26,1
2025-06-29 00:00:00+00:00,solo,tooling,24,1
2025-07-06 00:00:00+00:00,solo,tooling,16,1
2025-07-13 00:00:00+00:00,solo,tooling,17,1
2025-07-20 00:00:00+00:00,solo,tooling,29,1
2025-07-27 00:00:00+00:00,solo,tooling,12,1
2025-08-03 00:00:00+00:00,solo,tooling,20,1
2025-08-10 00:00:00+00:00,solo,tooling,33,1
2025-08-17 00:00:00+00:00,solo,tooling,14,1
2025-08-24 00:00:00+00:00,solo,tooling,5,1
2025-08-31 00:00:00+00:00,solo,tooling,9,1
2025-09-07 00:00:00+00:00,solo,tooling,36,1
2025-09-14 00:00:00+00:00,solo,tooling,42,1
2025-09-21 00:00:00+00:00,solo,tooling,23,1
2025-09-28 00:00:00+00:00,solo,tooling,20,1
2025-10-05 00:00:00+00:00,solo,tooling,3,1
2025-10-12 00:00:00+00:00,solo,tooling,19,1
2025-10-19 00:00:00+00:00,solo,tooling,24,1
2025-10-26 00:00:00+00:00,solo,tooling,14,1
2025-11-02 00:00:00+00:00,solo,tooling,23,1
2025-11-09 00:00:00+00:00,solo,tooling,10,1
2025-11-16 00:00:00+00:00,solo,tooling,15,1
2025-11-23 00:00:00+00:00,solo,tooling,3,1
2025-11-30 00:00:00+00:00,solo,tooling,21,1
2025-12-07 00:00:00+00:00,solo,tooling,18,1
2025-12-14 00:00:00+00:00,solo,tooling,10,1
2025-12-21 00:00:00+00:00,solo,tooling,0,0
2025-12-28 00:00:00+00:00,solo,tooling,0,0
2026-01-04 00:00:00+00:00,solo,tooling,1,1
2025-01-12 00:00:00+00:00,hiero-block-node,core,24,1
2025-01-19 00:00:00+00:00,hiero-block-node,core,8,1
2025-01-26 00:00:00+00:00,hiero-block-node,core,15,1
2025-02-02 00:00:00+00:00,hiero-block-node,core,18,1
2025-02-09 00:00:00+00:00,hiero-block-node,core,12,1
2025-02-16 00:00:00+00:00,hiero-block-node,core,12,1
2025-02-23 00:00:00+00:00,hiero-block-node,core,26,1
2025-03-02 00:00:00+00:00,hiero-block-node,core,19,1
2025-03-09 00:00:00+00:00,hiero-block-node,core,14,1
2025-03-16 00:00:00+00:00,hiero-block-node,core,16,1
2025-03-23 00:00:00+00:00,hiero-block-node,core,36,1
2025-03-30 00:00:00+00:00,hiero-block-node,core,42,1
2025-04-06 00:00:00+00:00,hiero-block-node,core,32,1
2025-04-13 00:00:00+00:00,hiero-block-node,core,21,1
2025-04-20 00:00:00+00:00,hiero-block-node,core,16,1
2025-04-27 00:00:00+00:00,hiero-block-node,core,3,1
2025-05-04 00:00:00+00:00,hiero-block-node,core,13,1
2025-05-11 00:00:00+00:00,hiero-block-node,core,5,1
2025-05-18 00:00:00+00:00,hiero-block-node,core,25,1
2025-05-25 00:00:00+00:00,hiero-block-node,core,11,1
2025-06-01 00:00:00+00:00,hiero-block-node,core,10,1
2025-06-08 00:00:00+00:00,hiero-block-node,core,23,1
2025-06-15 00:00:00+00:00,hiero-block-node,core,14,1
2025-06-22 00:00:00+00:00,hiero-block-node,core,6,1
2025-06-29 00:00:00+00:00,hiero-block-node,core,6,1
2025-07-06 00:00:00+00:00,hiero-block-node,core,15,1
2025-07-13 00:00:00+00:00,hiero-block-node,core,11,1
2025-07-20 00:00:00+00:00,hiero-block-node,core,4,1
2025-07-27 00:00:00+00:00,hiero-block-node,core,7,1
2025-08-03 00:00:00+00:00,hiero-block-node,core,15,1
2025-08-10 00:00:00+00:00,hiero-block-node,core,14,1
2025-08-17 00:00:00+00:00,hiero-block-node,core,11,1
2025-08-24 00:00:00+00:00,hiero-block-node,core,8,1
2025-08-31 00:00:00+00:00,hiero-block-node,core,16,1
2025-09-07 00:00:00+00:00,hiero-block-node,core,3,1
2025-09-14 00:00:00+00:00,hiero-block-node,core,18,1
2025-09-21 00:00:00+00:00,hiero-block-node,core,11,1
2025-09-28 00:00:00+00:00,hiero-block-node,core,18,1
2025-10-05 00:00:00+00:00,hiero-block-node,core,11,1
2025-10-12 00:00:00+00:00,hiero-block-node,core,8,1
2025-10-19 00:00:00+00:00,hiero-block-node,core,11,1
2025-10-26 00:00:00+00:00,hiero-block-node,core,15,1
2025-11-02 00:00:00+00:00,hiero-block-node,core,7,1
2025-11-09 00:00:00+00:00,hiero-block-node,core,17,1
2025-11-16 00:00:00+00:00,hiero-block-node,core,2,1
2025-11-23 00:00:00+00:00,hiero-block-node,core,15,1
2025-11-30 00:00:00+00:00,hiero-block-node,core,11,1
2025-12-07 00:00:00+00:00,hiero-block-node,core,10,1
2025-12-14 00:00:00+00:00,hiero-block-node,core,17,1
2025-12-21 00:00:00+00:00,hiero-block-node,core,1,1
2025-12-28 00:00:00+00:00,hiero-block-node,core,2,1
2026-01-04 00:00:00+00:00,hiero-block-node,core,6,1
2025-01-12 00:00:00+00:00,hiero-solo-action,tooling,0,0
2025-01-19 00:00:00+00:00,hiero-solo-action,tooling,0,0
2025-01-26 00:00:00+00:00,hiero-solo-action,tooling,4,1
2025-02-02 00:00:00+00:00,hiero-solo-action,tooling,0,0
2025-02-09 00:00:00+00:00,hiero-solo-action,tooling,2,1
2025-02-16 00:00:00+00:00,hiero-solo-action,tooling,1,1
2025-02-23 00:00:00+00:00,hiero-solo-action,tooling,0,0
2025-03-02 00:00:00+00:00,hiero-solo-action,tooling,5,1
2025-03-09 00:00:00+00:00,hiero-solo-action,tooling,1,1
2025-03-16 00:00:00+00:00,hiero-solo-action,tooling,0,0
2025-03-23 00:00:00+00:00,hiero-solo-action,tooling,0,0
2025-03-30 00:00:00+00:00,hiero-solo-action,tooling,0,0
2025-04-06 00:00:00+00:00,hiero-solo-action,tooling,0,0
2025-04-13 00:00:00+00:00,hiero-solo-action,tooling,0,0
2025-04-20 00:00:00+00:00,hiero-solo-action,tooling,0,0
2025-04-27 00:00:00+00:00,hiero-solo-action,tooling,4,1
2025-05-04 00:00:00+00:00,hiero-solo-action,tooling,5,1
2025-05-11 00:00:00+00:00,hiero-solo-action,tooling,3,1
2025-05-18 00:00:00+00:00,hiero-solo-action,tooling,2,1
2025-05-25 00:00:00+00:00,hiero-solo-action,tooling,0,0
2025-06-01 00:00:00+00:00,hiero-solo-action,tooling,1,1
2025-06-08 00:00:00+00:00,hiero-solo-action,tooling,1,1
2025-06-15 00:00:00+00:00,hiero-solo-action,tooling,2,1
2025-06-22 00:00:00+00:00,hiero-solo-action,tooling,1,1
2025-06-29 00:00:00+00:00,hiero-solo-action,tooling,1,1
2025-07-06 00:00:00+00:00,hiero-solo-action,tooling,4,1
2025-07-13 00:00:00+00:00,hiero-solo-action,tooling,0,0
2025-07-20 00:00:00+00:00,hiero-solo-action,tooling,3,1
2025-07-27 00:00:00+00:00,hiero-solo-action,tooling,3,1
2025-08-03 00:00:00+00:00,hiero-solo-action,tooling,0,0
2025-08-10 00:00:00+00:00,hiero-solo-action,tooling,0,0
2025-08-17 00:00:00+00:00,hiero-solo-action,tooling,1,1
2025-08-24 00:00:00+00:00,hiero-solo-action,tooling,3,1
2025-08-31 00:00:00+00:00,hiero-solo-action,tooling,1,1
2025-09-07 00:00:00+00:00,hiero-solo-action,tooling,1,1
2025-09-14 00:00:00+00:00,hiero-solo-action,tooling,1,1
2025-09-21 00:00:00+00:00,hiero-solo-action,tooling,0,0
2025-09-28 00:00:00+00:00,hiero-solo-action,tooling,0,0
2025-10-05 00:00:00+00:00,hiero-solo-action,tooling,0,0
2025-10-12 00:00:00+00:00,hiero-solo-action,tooling,3,1
2025-10-19 00:00:00+00:00,hiero-solo-action,tooling,0,0
2025-10-26 00:00:00+00:00,hiero-solo-action,tooling,0,0
2025-11-02 00:00:00+00:00,hiero-solo-action,tooling,0,0
2025-11-09 00:00:00+00:00,hiero-solo-action,tooling,2,1
2025-11-16 00:00:00+00:00,hiero-solo-action,tooling,0,0
2025-11-23 00:00:00+00:00,hiero-solo-action,tooling,1,1
2025-11-30 00:00:00+00:00,hiero-solo-action,tooling,0,0
2025-12-07 00:00:00+00:00,hiero-solo-action,tooling,0,0
2025-12-14 00:00:00+00:00,hiero-solo-action,tooling,0,0
2025-12-21 00:00:00+00:00,hiero-solo-action,tooling,0,0
2025-12-28 00:00:00+00:00,hiero-solo-action,tooling,0,0
2026-01-04 00:00:00+00:00,hiero-solo-action,tooling,0,0
2025-01-12 00:00:00+00:00,governance,governance,3,1
2025-01-19 00:00:00+00:00,governance,governance,5,1
2025-01-26 00:00:00+00:00,governance,governance,3,1
2025-02-02 00:00:00+00:00,governance,governance,13,1
2025-02-09 00:00:00+00:00,governance,governance,17,1
2025-02-16 00:00:00+00:00,governance,governance,6,1
2025-02-23 00:00:00+00:00,governance,governance,3,1
2025-03-02 00:00:00+00:00,governance,governance,7,1
2025-03-09 00:00:00+00:00,governance,governance,6,1
2025-03-16 00:00:00+00:00,governance,governance,8,1
2025-03-23 00:00:00+00:00,governance,governance,14,1
2025-03-30 00:00:00+00:00,governance,governance,6,1
2025-04-06 00:00:00+00:00,governance,governance,9,1
2025-04-13 00:00:00+00:00,governance,governance,5,1
2025-04-20 00:00:00+00:00,governance,governance,18,1
2025-04-27 00:00:00+00:00,governance,governance,17,1
2025-05-04 00:00:00+00:00,governance,governance,14,1
2025-05-11 00:00:00+00:00,governance,governance,7,1
2025-05-18 00:00:00+00:00,governance,governance,1,1
2025-05-25 00:00:00+00:00,governance,governance,28,1
2025-06-01 00:00:00+00:00,governance,governance,3,1
2025-06-08 00:00:00+00:00,governance,governance,1,1
2025-06-15 00:00:00+00:00,governance,governance,6,1
2025-06-22 00:00:00+00:00,governance,governance,2,1
2025-06-29 00:00:00+00:00,governance,governance,2,1
2025-07-06 00:00:00+00:00,governance,governance,3,1
2025-07-13 00:00:00+00:00,governance,governance,1,1
2025-07-20 00:00:00+00:00,governance,governance,1,1
2025-07-27 00:00:00+00:00,governance,governance,5,1
2025-08-03 00:00:00+00:00,governance,governance,1,1
2025-08-10 00:00:00+00:00,governance,governance,1,1
2025-08-17 00:00:00+00:00,governance,governance,2,1
2025-08-24 00:00:00+00:00,governance,governance,11,1
2025-08-31 00:00:00+00:00,governance,governance,5,1
2025-09-07 00:00:00+00:00,governance,governance,2,1
2025-09-14 00:00:00+00:00,governance,governance,1,1
2025-09-21 00:00:00+00:00,governance,governance,4,1
2025-09-28 00:00:00+00:00,governance,governance,6,1
2025-10-05 00:00:00+00:00,governance,governance,5,1
2025-10-12 00:00:00+00:00,governance,governance,0,0
2025-10-19 00:00:00+00:00,governance,governance,4,1
2025-10-26 00:00:00+00:00,governance,governance,2,1
2025-11-02 00:00:00+00:00,governance,governance,6,1
2025-11-09 00:00:00+00:00,governance,governance,4,1
2025-11-16 00:00:00+00:00,governance,governance,3,1
2025-11-23 00:00:00+00:00,governance,governance,0,0
2025-11-30 00:00:00+00:00,governance,governance,6,1
2025-12-07 00:00:00+00:00,governance,governance,5,1
2025-12-14 00:00:00+00:00,governance,governance,8,1
2025-12-21 00:00:00+00:00,governance,governance,0,0
2025-12-28 00:00:00+00:00,governance,governance,1,1
2026-01-04 00:00:00+00:00,governance,governance,4,1
2025-01-12 00:00:00+00:00,hiero-website,docs,0,0
2025-01-19 00:00:00+00:00,hiero-website,docs,0,0
2025-01-26 00:00:00+00:00,hiero-website,docs,0,0
2025-02-02 00:00:00+00:00,hiero-website,docs,0,0
2025-02-09 00:00:00+00:00,hiero-website,docs,0,0
2025-02-16 00:00:00+00:00,hiero-website,docs,0,0
2025-02-23 00:00:00+00:00,hiero-website,docs,0,0
2025-03-02 00:00:00+00:00,hiero-website,docs,0,0
2025-03-09 00:00:00+00:00,hiero-website,docs,0,0
2025-03-16 00:00:00+00:00,hiero-website,docs,1,1
2025-03-23 00:00:00+00:00,hiero-website,docs,1,1
2025-03-30 00:00:00+00:00,hiero-website,docs,0,0
2025-04-06 00:00:00+00:00,hiero-website,docs,0,0
2025-04-13 00:00:00+00:00,hiero-website,docs,1,1
2025-04-20 00:00:00+00:00,hiero-website,docs,0,0
2025-04-27 00:00:00+00:00,hiero-website,docs,2,1
2025-05-04 00:00:00+00:00,hiero-website,docs,1,1
2025-05-11 00:00:00+00:00,hiero-website,docs,0,0
2025-05-18 00:00:00+00:00,hiero-website,docs,0,0
2025-05-25 00:00:00+00:00,hiero-website,docs,0,0
2025-06-01 00:00:00+00:00,hiero-website,docs,3,1
2025-06-08 00:00:00+00:00,hiero-website,docs,0,0
2025-06-15 00:00:00+00:00,hiero-website,docs,1,1
2025-06-22 00:00:00+00:00,hiero-website,docs,1,1
2025-06-29 00:00:00+00:00,hiero-website,docs,0,0
2025-07-06 00:00:00+00:00,hiero-website,docs,2,1
2025-07-13 00:00:00+00:00,hiero-website,docs,1,1
2025-07-20 00:00:00+00:00,hiero-website,docs,2,1
2025-07-27 00:00:00+00:00,hiero-website,docs,4,1
2025-08-03 00:00:00+00:00,hiero-website,docs,2,1
2025-08-10 00:00:00+00:00,hiero-website,docs,1,1
2025-08-17 00:00:00+00:00,hiero-website,docs,1,1
2025-08-24 00:00:00+00:00,hiero-website,docs,5,1
2025-08-31 00:00:00+00:00,hiero-website,docs,0,0
2025-09-07 00:00:00+00:00,hiero-website,docs,1,1
2025-09-14 00:00:00+00:00,hiero-website,docs,2,1
2025-09-21 00:00:00+00:00,hiero-website,docs,2,1
2025-09-28 00:00:00+00:00,hiero-website,docs,1,1
2025-10-05 00:00:00+00:00,hiero-website,docs,4,1
2025-10-12 00:00:00+00:00,hiero-website,docs,4,1
2025-10-19 00:00:00+00:00,hiero-website,docs,2,1
2025-10-26 00:00:00+00:00,hiero-website,docs,5,1
2025-11-02 00:00:00+00:00,hiero-website,docs,0,0
2025-11-09 00:00:00+00:00,hiero-website,docs,0,0
2025-11-16 00:00:00+00:00,hiero-website,docs,0,0
2025-11-23 00:00:00+00:00,hiero-website,docs,0,0
2025-11-30 00:00:00+00:00,hiero-website,docs,0,0
2025-12-07 00:00:00+00:00,hiero-website,docs,1,1
2025-12-14 00:00:00+00:00,hiero-website,docs,0,0
2025-12-21 00:00:00+00:00,hiero-website,docs,0,0
2025-12-28 00:00:00+00:00,hiero-website,docs,0,0
2026-01-04 00:00:00+00:00,hiero-website,docs,1,1
2025-01-12 00:00:00+00:00,hiero,docs,12,1
2025-01-19 00:00:00+00:00,hiero,docs,3,1
2025-01-26 00:00:00+00:00,hiero,docs,5,1
2025-02-02 00:00:00+00:00,hiero,docs,5,1
2025-02-09 00:00:00+00:00,hiero,docs,3,1
2025-02-16 00:00:00+00:00,hiero,docs,5,1
2025-02-23 00:00:00+00:00,hiero,docs,1,1
2025-03-02 00:00:00+00:00,hiero,docs,2,1
2025-03-09 00:00:00+00:00,hiero,docs,3,1
2025-03-16 00:00:00+00:00,hiero,docs,3,1
2025-03-23 00:00:00+00:00,hiero,docs,9,1
2025-03-30 00:00:00+00:00,hiero,docs,2,1
2025-04-06 00:00:00+00:00,hiero,docs,1,1
2025-04-13 00:00:00+00:00,hiero,docs,1,1
2025-04-20 00:00:00+00:00,hiero,docs,1,1
2025-04-27 00:00:00+00:00,hiero,docs,0,0
2025-05-04 00:00:00+00:00,hiero,docs,0,0
2025-05-11 00:00:00+00:00,hiero,docs,0,0
2025-05-18 00:00:00+00:00,hiero,docs,1,1
2025-05-25 00:00:00+00:00,hiero,docs,0,0
2025-06-01 00:00:00+00:00,hiero,docs,1,1
2025-06-08 00:00:00+00:00,hiero,docs,1,1
2025-06-15 00:00:00+00:00,hiero,docs,1,1
2025-06-22 00:00:00+00:00,hiero,docs,1,1
2025-06-29 00:00:00+00:00,hiero,docs,0,0
2025-07-06 00:00:00+00:00,hiero,docs,1,1
2025-07-13 00:00:00+00:00,hiero,docs,0,0
2025-07-20 00:00:00+00:00,hiero,docs,0,0
2025-07-27 00:00:00+00:00,hiero,docs,0,0
2025-08-03 00:00:00+00:00,hiero,docs,1,1
2025-08-10 00:00:00+00:00,hiero,docs,0,0
2025-08-17 00:00:00+00:00,hiero,docs,2,1
2025-08-24 00:00:00+00:00,hiero,docs,0,0
2025-08-31 00:00:00+00:00,hiero,docs,0,0
2025-09-07 00:00:00+00:00,hiero,docs,0,0
2025-09-14 00:00:00+00:00,hiero,docs,0,0
2025-09-21 00:00:00+00:00,hiero,docs,2,1
2025-09-28 00:00:00+00:00,hiero,docs,0,0
2025-10-05 00:00:00+00:00,hiero,docs,0,0
2025-10-12 00:00:00+00:00,hiero,docs,0,0
2025-10-19 00:00:00+00:00,hiero,docs,0,0
2025-10-26 00:00:00+00:00,hiero,docs,0,0
2025-11-02 00:00:00+00:00,hiero,docs,0,0
2025-11-09 00:00:00+00:00,hiero,docs,0,0
2025-11-16 00:00:00+00:00,hiero,docs,0,0
2025-11-23 00:00:00+00:00,hiero,docs,0,0
2025-11-30 00:00:00+00:00,hiero,docs,0,0
2025-12-07 00:00:00+00:00,hiero,docs,0,0
2025-12-14 00:00:00+00:00,hiero,docs,0,0
2025-12-21 00:00:00+00:00,hiero,docs,0,0
2025-12-28 00:00:00+00:00,hiero,docs,0,0
2026-01-04 00:00:00+00:00,hiero,docs,0,0
2025-01-12 00:00:00+00:00,tsc,governance,3,1
2025-01-19 00:00:00+00:00,tsc,governance,7,1
2025-01-26 00:00:00+00:00,tsc,governance,5,1
2025-02-02 00:00:00+00:00,tsc,governance,4,1
2025-02-09 00:00:00+00:00,tsc,governance,4,1
2025-02-16 00:00:00+00:00,tsc,governance,2,1
2025-02-23 00:00:00+00:00,tsc,governance,0,0
2025-03-02 00:00:00+00:00,tsc,governance,1,1
2025-03-09 00:00:00+00:00,tsc,governance,0,0
2025-03-16 00:00:00+00:00,tsc,governance,2,1
2025-03-23 00:00:00+00:00,tsc,governance,3,1
2025-03-30 00:00:00+00:00,tsc,governance,4,1
2025-04-06 00:00:00+00:00,tsc,governance,2,1
2025-04-13 00:00:00+00:00,tsc,governance,1,1
2025-04-20 00:00:00+00:00,tsc,governance,3,1
2025-04-27 00:00:00+00:00,tsc,governance,1,1
2025-05-04 00:00:00+00:00,tsc,governance,5,1
2025-05-11 00:00:00+00:00,tsc,governance,1,1
2025-05-18 00:00:00+00:00,tsc,governance,1,1
2025-05-25 00:00:00+00:00,tsc,governance,3,1
2025-06-01 00:00:00+00:00,tsc,governance,5,1
2025-06-08 00:00:00+00:00,tsc,governance,2,1
2025-06-15 00:00:00+00:00,tsc,governance,6,1
2025-06-22 00:00:00+00:00,tsc,governance,3,1
2025-06-29 00:00:00+00:00,tsc,governance,2,1
2025-07-06 00:00:00+00:00,tsc,governance,6,1
2025-07-13 00:00:00+00:00,tsc,governance,6,1
2025-07-20 00:00:00+00:00,tsc,governance,2,1
2025-07-27 00:00:00+00:00,tsc,governance,10,1
2025-08-03 00:00:00+00:00,tsc,governance,4,1
2025-08-10 00:00:00+00:00,tsc,governance,2,1
2025-08-17 00:00:00+00:00,tsc,governance,1,1
2025-08-24 00:00:00+00:00,tsc,governance,2,1
2025-08-31 00:00:00+00:00,tsc,governance,5,1
2025-09-07 00:00:00+00:00,tsc,governance,5,1
2025-09-14 00:00:00+00:00,tsc,governance,1,1
2025-09-21 00:00:00+00:00,tsc,governance,5,1
2025-09-28 00:00:00+00:00,tsc,governance,1,1
2025-10-05 00:00:00+00:00,tsc,governance,2,1
2025-10-12 00:00:00+00:00,tsc,governance,1,1
2025-10-19 00:00:00+00:00,tsc,governance,3,1
2025-10-26 00:00:00+00:00,tsc,governance,2,1
2025-11-02 00:00:00+00:00,tsc,governance,1,1
2025-11-09 00:00:00+00:00,tsc,governance,9,1
2025-11-16 00:00:00+00:00,tsc,governance,1,1
2025-11-23 00:00:00+00:00,tsc,governance,1,1
2025-11-30 00:00:00+00:00,tsc,governance,2,1
2025-12-07 00:00:00+00:00,tsc,governance,2,1
2025-12-14 00:00:00+00:00,tsc,governance,1,1
2025-12-21 00:00:00+00:00,tsc,governance,0,0
2025-12-28 00:00:00+00:00,tsc,governance,0,0
2026-01-04 00:00:00+00:00,tsc,governance,0,0
2025-01-12 00:00:00+00:00,awesome-contributions,docs,0,0
2025-01-19 00:00:00+00:00,awesome-contributions,docs,0,0
2025-01-26 00:00:00+00:00,awesome-contributions,docs,1,1
2025-02-02 00:00:00+00:00,awesome-contributions,docs,0,0
2025-02-09 00:00:00+00:00,awesome-contributions,docs,3,1
2025-02-16 00:00:00+00:00,awesome-contributions,docs,0,0
2025-02-23 00:00:00+00:00,awesome-contributions,docs,0,0
2025-03-02 00:00:00+00:00,awesome-contributions,docs,0,0
2025-03-09 00:00:00+00:00,awesome-contributions,docs,0,0
2025-03-16 00:00:00+00:00,awesome-contributions,docs,2,1
2025-03-23 00:00:00+00:00,awesome-contributions,docs,1,1
2025-03-30 00:00:00+00:00,awesome-contributions,docs,0,0
2025-04-06 00:00:00+00:00,awesome-contributions,docs,0,0
2025-04-13 00:00:00+00:00,awesome-contributions,docs,0,0
2025-04-20 00:00:00+00:00,awesome-contributions,docs,0,0
2025-04-27 00:00:00+00:00,awesome-contributions,docs,0,0
2025-05-04 00:00:00+00:00,awesome-contributions,docs,0,0
2025-05-11 00:00:00+00:00,awesome-contributions,docs,2,1
2025-05-18 00:00:00+00:00,awesome-contributions,docs,1,1
2025-05-25 00:00:00+00:00,awesome-contributions,docs,0,0
2025-06-01 00:00:00+00:00,awesome-contributions,docs,0,0
2025-06-08 00:00:00+00:00,awesome-contributions,docs,0,0
2025-06-15 00:00:00+00:00,awesome-contributions,docs,2,1
2025-06-22 00:00:00+00:00,awesome-contributions,docs,0,0
2025-06-29 00:00:00+00:00,awesome-contributions,docs,0,0
2025-07-06 00:00:00+00:00,awesome-contributions,docs,1,1
2025-07-13 00:00:00+00:00,awesome-contributions,docs,0,0
2025-07-20 00:00:00+00:00,awesome-contributions,docs,0,0
2025-07-27 00:00:00+00:00,awesome-contributions,docs,0,0
2025-08-03 00:00:00+00:00,awesome-contributions,docs,0,0
2025-08-10 00:00:00+00:00,awesome-contributions,docs,0,0
2025-08-17 00:00:00+00:00,awesome-contributions,docs,0,0
2025-08-24 00:00:00+00:00,awesome-contributions,docs,0,0
2025-08-31 00:00:00+00:00,awesome-contributions,docs,1,1
2025-09-07 00:00:00+00:00,awesome-contributions,docs,0,0
2025-09-14 00:00:00+00:00,awesome-contributions,docs,0,0
2025-09-21 00:00:00+00:00,awesome-contributions,docs,0,0
2025-09-28 00:00:00+00:00,awesome-contributions,docs,0,0
2025-10-05 00:00:00+00:00,awesome-contributions,docs,0,0
2025-10-12 00:00:00+00:00,awesome-contributions,docs,0,0
2025-10-19 00:00:00+00:00,awesome-contributions,docs,0,0
2025-10-26 00:00:00+00:00,awesome-contributions,docs,0,0
2025-11-02 00:00:00+00:00,awesome-contributions,docs,0,0
2025-11-09 00:00:00+00:00,awesome-contributions,docs,1,1
2025-11-16 00:00:00+00:00,awesome-contributions,docs,0,0
2025-11-23 00:00:00+00:00,awesome-contributions,docs,0,0
2025-11-30 00:00:00+00:00,awesome-contributions,docs,0,0
2025-12-07 00:00:00+00:00,awesome-contributions,docs,1,1
2025-12-14 00:00:00+00:00,awesome-contributions,docs,0,0
2025-12-21 00:00:00+00:00,awesome-contributions,docs,0,0
2025-12-28 00:00:00+00:00,awesome-contributions,docs,0,0
2026-01-04 00:00:00+00:00,awesome-contributions,docs,0,0
2025-01-12 00:00:00+00:00,.github,governance,0,0
2025-01-19 00:00:00+00:00,.github,governance,0,0
2025-01-26 00:00:00+00:00,.github,governance,0,0
2025-02-02 00:00:00+00:00,.github,governance,1,1
2025-02-09 00:00:00+00:00,.github,governance,0,0
2025-02-16 00:00:00+00:00,.github,governance,1,1
2025-02-23 00:00:00+00:00,.github,governance,0,0
2025-03-02 00:00:00+00:00,.github,governance,0,0
2025-03-09 00:00:00+00:00,.github,governance,0,0
2025-03-16 00:00:00+00:00,.github,governance,0,0
2025-03-23 00:00:00+00:00,.github,governance,2,1
2025-03-30 00:00:00+00:00,.github,governance,0,0
2025-04-06 00:00:00+00:00,.github,governance,1,1
2025-04-13 00:00:00+00:00,.github,governance,0,0
2025-04-20 00:00:00+00:00,.github,governance,0,0
2025-04-27 00:00:00+00:00,.github,governance,0,0
2025-05-04 00:00:00+00:00,.github,governance,1,1
2025-05-11 00:00:00+00:00,.github,governance,1,1
2025-05-18 00:00:00+00:00,.github,governance,1,1
2025-05-25 00:00:00+00:00,.github,governance,0,0
2025-06-01 00:00:00+00:00,.github,governance,2,1
2025-06-08 00:00:00+00:00,.github,governance,3,1
2025-06-15 00:00:00+00:00,.github,governance,1,1
2025-06-22 00:00:00+00:00,.github,governance,0,0
2025-06-29 00:00:00+00:00,.github,governance,0,0
2025-07-06 00:00:00+00:00,.github,governance,2,1
2025-07-13 00:00:00+00:00,.github,governance,2,1
2025-07-20 00:00:00+00:00,.github,governance,0,0
2025-07-27 00:00:00+00:00,.github,governance,0,0
2025-08-03 00:00:00+00:00,.github,governance,0,0
2025-08-10 00:00:00+00:00,.github,governance,0,0
2025-08-17 00:00:00+00:00,.github,governance,0,0
2025-08-24 00:00:00+00:00,.github,governance,0,0
2025-08-31 00:00:00+00:00,.github,governance,0,0
2025-09-07 00:00:00+00:00,.github,governance,0,0
2025-09-14 00:00:00+00:00,.github,governance,0,0
2025-09-21 00:00:00+00:00,.github,governance,0,0
2025-09-28 00:00:00+00:00,.github,governance,2,1
2025-10-05 00:00:00+00:00,.github,governance,0,0
2025-10-12 00:00:00+00:00,.github,governance,2,1
2025-10-19 00:00:00+00:00,.github,governance,3,1
2025-10-26 00:00:00+00:00,.github,governance,0,0
2025-11-02 00:00:00+00:00,.github,governance,1,1
2025-11-09 00:00:00+00:00,.github,governance,2,1
2025-11-16 00:00:00+00:00,.github,governance,0,0
2025-11-23 00:00:00+00:00,.github,governance,0,0
2025-11-30 00:00:00+00:00,.github,governance,1,1
2025-12-07 00:00:00+00:00,.github,governance,2,1
2025-12-14 00:00:00+00:00,.github,governance,0,0
2025-12-21 00:00:00+00:00,.github,governance,0,0
2025-12-28 00:00:00+00:00,.github,governance,1,1
2026-01-04 00:00:00+00:00,.github,governance,0,0
2025-01-12 00:00:00+00:00,hiero-sdk-python,sdks,0,0
2025-01-19 00:00:00+00:00,hiero-sdk-python,sdks,0,0
2025-01-26 00:00:00+00:00,hiero-sdk-python,sdks,22,1
2025-02-02 00:00:00+00:00,hiero-sdk-python,sdks,6,1
2025-02-09 00:00:00+00:00,hiero-sdk-python,sdks,6,1
2025-02-16 00:00:00+00:00,hiero-sdk-python,sdks,15,1
2025-02-23 00:00:00+00:00,hiero-sdk-python,sdks,4,1
2025-03-02 00:00:00+00:00,hiero-sdk-python,sdks,2,1
2025-03-09 00:00:00+00:00,hiero-sdk-python,sdks,4,1
2025-03-16 00:00:00+00:00,hiero-sdk-python,sdks,1,1
2025-03-23 00:00:00+00:00,hiero-sdk-python,sdks,2,1
2025-03-30 00:00:00+00:00,hiero-sdk-python,sdks,3,1
2025-04-06 00:00:00+00:00,hiero-sdk-python,sdks,1,1
2025-04-13 00:00:00+00:00,hiero-sdk-python,sdks,1,1
2025-04-20 00:00:00+00:00,hiero-sdk-python,sdks,1,1
2025-04-27 00:00:00+00:00,hiero-sdk-python,sdks,0,0
2025-05-04 00:00:00+00:00,hiero-sdk-python,sdks,2,1
2025-05-11 00:00:00+00:00,hiero-sdk-python,sdks,7,1
2025-05-18 00:00:00+00:00,hiero-sdk-python,sdks,4,1
2025-05-25 00:00:00+00:00,hiero-sdk-python,sdks,3,1
2025-06-01 00:00:00+00:00,hiero-sdk-python,sdks,2,1
2025-06-08 00:00:00+00:00,hiero-sdk-python,sdks,3,1
2025-06-15 00:00:00+00:00,hiero-sdk-python,sdks,5,1
2025-06-22 00:00:00+00:00,hiero-sdk-python,sdks,4,1
2025-06-29 00:00:00+00:00,hiero-sdk-python,sdks,4,1
2025-07-06 00:00:00+00:00,hiero-sdk-python,sdks,5,1
2025-07-13 00:00:00+00:00,hiero-sdk-python,sdks,7,1
2025-07-20 00:00:00+00:00,hiero-sdk-python,sdks,7,1
2025-07-27 00:00:00+00:00,hiero-sdk-python,sdks,3,1
2025-08-03 00:00:00+00:00,hiero-sdk-python,sdks,5,1
2025-08-10 00:00:00+00:00,hiero-sdk-python,sdks,5,1
2025-08-17 00:00:00+00:00,hiero-sdk-python,sdks,8,1
2025-08-24 00:00:00+00:00,hiero-sdk-python,sdks,9,1
2025-08-31 00:00:00+00:00,hiero-sdk-python,sdks,14,1
2025-09-07 00:00:00+00:00,hiero-sdk-python,sdks,5,1
2025-09-14 00:00:00+00:00,hiero-sdk-python,sdks,5,1
2025-09-21 00:00:00+00:00,hiero-sdk-python,sdks,7,1
2025-09-28 00:00:00+00:00,hiero-sdk-python,sdks,5,1
2025-10-05 00:00:00+00:00,hiero-sdk-python,sdks,2,1
2025-10-12 00:00:00+00:00,hiero-sdk-python,sdks,4,1
2025-10-19 00:00:00+00:00,hiero-sdk-python,sdks,39,1
2025-10-26 00:00:00+00:00,hiero-sdk-python,sdks,43,1
2025-11-02 00:00:00+00:00,hiero-sdk-python,sdks,14,1
2025-11-09 00:00:00+00:00,hiero-sdk-python,sdks,13,1
2025-11-16 00:00:00+00:00,hiero-sdk-python,sdks,30,1
2025-11-23 00:00:00+00:00,hiero-sdk-python,sdks,17,1
2025-11-30 00:00:00+00:00,hiero-sdk-python,sdks,21,1
2025-12-07 00:00:00+00:00,hiero-sdk-python,sdks,28,1
2025-12-14 00:00:00+00:00,hiero-sdk-python,sdks,43,1
2025-12-21 00:00:00+00:00,hiero-sdk-python,sdks,17,1
2025-12-28 00:00:00+00:00,hiero-sdk-python,sdks,36,1
2026-01-04 00:00:00+00:00,hiero-sdk-python,sdks,13,1
2025-01-12 00:00:00+00:00,hiero-gradle-conventions,tooling,19,1
2025-01-19 00:00:00+00:00,hiero-gradle-conventions,tooling,3,1
2025-01-26 00:00:00+00:00,hiero-gradle-conventions,tooling,10,1
2025-02-02 00:00:00+00:00,hiero-gradle-conventions,tooling,11,1
2025-02-09 00:00:00+00:00,hiero-gradle-conventions,tooling,4,1
2025-02-16 00:00:00+00:00,hiero-gradle-conventions,tooling,2,1
2025-02-23 00:00:00+00:00,hiero-gradle-conventions,tooling,7,1
2025-03-02 00:00:00+00:00,hiero-gradle-conventions,tooling,5,1
2025-03-09 00:00:00+00:00,hiero-gradle-conventions,tooling,0,0
2025-03-16 00:00:00+00:00,hiero-gradle-conventions,tooling,7,1
2025-03-23 00:00:00+00:00,hiero-gradle-conventions,tooling,8,1
2025-03-30 00:00:00+00:00,hiero-gradle-conventions,tooling,1,1
2025-04-06 00:00:00+00:00,hiero-gradle-conventions,tooling,13,1
2025-04-13 00:00:00+00:00,hiero-gradle-conventions,tooling,4,1
2025-04-20 00:00:00+00:00,hiero-gradle-conventions,tooling,1,1
2025-04-27 00:00:00+00:00,hiero-gradle-conventions,tooling,2,1
2025-05-04 00:00:00+00:00,hiero-gradle-conventions,tooling,4,1
2025-05-11 00:00:00+00:00,hiero-gradle-conventions,tooling,1,1
2025-05-18 00:00:00+00:00,hiero-gradle-conventions,tooling,5,1
2025-05-25 00:00:00+00:00,hiero-gradle-conventions,tooling,0,0
2025-06-01 00:00:00+00:00,hiero-gradle-conventions,tooling,1,1
2025-06-08 00:00:00+00:00,hiero-gradle-conventions,tooling,10,1
2025-06-15 00:00:00+00:00,hiero-gradle-conventions,tooling,12,1
2025-06-22 00:00:00+00:00,hiero-gradle-conventions,tooling,4,1
2025-06-29 00:00:00+00:00,hiero-gradle-conventions,tooling,14,1
2025-07-06 00:00:00+00:00,hiero-gradle-conventions,tooling,9,1
2025-07-13 00:00:00+00:00,hiero-gradle-conventions,tooling,5,1
2025-07-20 00:00:00+00:00,hiero-gradle-conventions,tooling,0,0
2025-07-27 00:00:00+00:00,hiero-gradle-conventions,tooling,0,0
2025-08-03 00:00:00+00:00,hiero-gradle-conventions,tooling,0,0
2025-08-10 00:00:00+00:00,hiero-gradle-conventions,tooling,0,0
2025-08-17 00:00:00+00:00,hiero-gradle-conventions,tooling,0,0
2025-08-24 00:00:00+00:00,hiero-gradle-conventions,tooling,0,0
2025-08-31 00:00:00+00:00,hiero-gradle-conventions,tooling,18,1
2025-09-07 00:00:00+00:00,hiero-gradle-conventions,tooling,1,1
2025-09-14 00:00:00+00:00,hiero-gradle-conventions,tooling,1,1
2025-09-21 00:00:00+00:00,hiero-gradle-conventions,tooling,9,1
2025-09-28 00:00:00+00:00,hiero-gradle-conventions,tooling,4,1
2025-10-05 00:00:00+00:00,hiero-gradle-conventions,tooling,6,1
2025-10-12 00:00:00+00:00,hiero-gradle-conventions,tooling,8,1
2025-10-19 00:00:00+00:00,hiero-gradle-conventions,tooling,7,1
2025-10-26 00:00:00+00:00,hiero-gradle-conventions,tooling,3,1
2025-11-02 00:00:00+00:00,hiero-gradle-conventions,tooling,4,1
2025-11-09 00:00:00+00:00,hiero-gradle-conventions,tooling,4,1
2025-11-16 00:00:00+00:00,hiero-gradle-conventions,tooling,3,1
2025-11-23 00:00:00+00:00,hiero-gradle-conventions,tooling,0,0
2025-11-30 00:00:00+00:00,hiero-gradle-conventions,tooling,4,1
2025-12-07 00:00:00+00:00,hiero-gradle-conventions,tooling,1,1
2025-12-14 00:00:00+00:00,hiero-gradle-conventions,tooling,7,1
2025-12-21 00:00:00+00:00,hiero-gradle-conventions,tooling,0,0
2025-12-28 00:00:00+00:00,hiero-gradle-conventions,tooling,0,0
2026-01-04 00:00:00+00:00,hiero-gradle-conventions,tooling,0,0
2025-01-12 00:00:00+00:00,hiero-hederium,tooling,2,1
2025-01-19 00:00:00+00:00,hiero-hederium,tooling,1,1
2025-01-26 00:00:00+00:00,hiero-hederium,tooling,7,1
2025-02-02 00:00:00+00:00,hiero-hederium,tooling,14,1
2025-02-09 00:00:00+00:00,hiero-hederium,tooling,6,1
2025-02-16 00:00:00+00:00,hiero-hederium,tooling,6,1
2025-02-23 00:00:00+00:00,hiero-hederium,tooling,12,1
2025-03-02 00:00:00+00:00,hiero-hederium,tooling,0,0
2025-03-09 00:00:00+00:00,hiero-hederium,tooling,0,0
2025-03-16 00:00:00+00:00,hiero-hederium,tooling,0,0
2025-03-23 00:00:00+00:00,hiero-hederium,tooling,0,0
2025-03-30 00:00:00+00:00,hiero-hederium,tooling,0,0
2025-04-06 00:00:00+00:00,hiero-hederium,tooling,0,0
2025-04-13 00:00:00+00:00,hiero-hederium,tooling,1,1
2025-04-20 00:00:00+00:00,hiero-hederium,tooling,0,0
2025-04-27 00:00:00+00:00,hiero-hederium,tooling,1,1
2025-05-04 00:00:00+00:00,hiero-hederium,tooling,0,0
2025-05-11 00:00:00+00:00,hiero-hederium,tooling,0,0
2025-05-18 00:00:00+00:00,hiero-hederium,tooling,0,0
2025-05-25 00:00:00+00:00,hiero-hederium,tooling,0,0
2025-06-01 00:00:00+00:00,hiero-hederium,tooling,0,0
2025-06-08 00:00:00+00:00,hiero-hederium,tooling,1,1
2025-06-15 00:00:00+00:00,hiero-hederium,tooling,0,0
2025-06-22 00:00:00+00:00,hiero-hederium,tooling,0,0
2025-06-29 00:00:00+00:00,hiero-hederium,tooling,0,0
2025-07-06 00:00:00+00:00,hiero-hederium,tooling,2,1
2025-07-13 00:00:00+00:00,hiero-hederium,tooling,0,0
2025-07-20 00:00:00+00:00,hiero-hederium,tooling,0,0
2025-07-27 00:00:00+00:00,hiero-hederium,tooling,0,0
2025-08-03 00:00:00+00:00,hiero-hederium,tooling,0,0
2025-08-10 00:00:00+00:00,hiero-hederium,tooling,3,1
2025-08-17 00:00:00+00:00,hiero-hederium,tooling,0,0
2025-08-24 00:00:00+00:00,hiero-hederium,tooling,1,1
2025-08-31 00:00:00+00:00,hiero-hederium,tooling,1,1
2025-09-07 00:00:00+00:00,hiero-hederium,tooling,0,0
2025-09-14 00:00:00+00:00,hiero-hederium,tooling,0,0
2025-09-21 00:00:00+00:00,hiero-hederium,tooling,0,0
2025-09-28 00:00:00+00:00,hiero-hederium,tooling,0,0
2025-10-05 00:00:00+00:00,hiero-hederium,tooling,0,0
2025-10-12 00:00:00+00:00,hiero-hederium,tooling,0,0
2025-10-19 00:00:00+00:00,hiero-hederium,tooling,0,0
2025-10-26 00:00:00+00:00,hiero-hederium,tooling,0,0
2025-11-02 00:00:00+00:00,hiero-hederium,tooling,0,0
2025-11-09 00:00:00+00:00,hiero-hederium,tooling,0,0
2025-11-16 00:00:00+00:00,hiero-hederium,tooling,0,0
2025-11-23 00:00:00+00:00,hiero-hederium,tooling,0,0
2025-11-30 00:00:00+00:00,hiero-hederium,tooling,0,0
2025-12-07 00:00:00+00:00,hiero-hederium,tooling,0,0
2025-12-14 00:00:00+00:00,hiero-hederium,tooling,0,0
2025-12-21 00:00:00+00:00,hiero-hederium,tooling,0,0
2025-12-28 00:00:00+00:00,hiero-hederium,tooling,0,0
2026-01-04 00:00:00+00:00,hiero-hederium,tooling,0,0
2025-01-12 00:00:00+00:00,hiero-did-sdk-python,sdks,0,0
2025-01-19 00:00:00+00:00,hiero-did-sdk-python,sdks,0,0
2025-01-26 00:00:00+00:00,hiero-did-sdk-python,sdks,0,0
2025-02-02 00:00:00+00:00,hiero-did-sdk-python,sdks,0,0
2025-02-09 00:00:00+00:00,hiero-did-sdk-python,sdks,1,1
2025-02-16 00:00:00+00:00,hiero-did-sdk-python,sdks,8,1
2025-02-23 00:00:00+00:00,hiero-did-sdk-python,sdks,6,1
2025-03-02 00:00:00+00:00,hiero-did-sdk-python,sdks,0,0
2025-03-09 00:00:00+00:00,hiero-did-sdk-python,sdks,0,0
2025-03-16 00:00:00+00:00,hiero-did-sdk-python,sdks,0,0
2025-03-23 00:00:00+00:00,hiero-did-sdk-python,sdks,2,1
2025-03-30 00:00:00+00:00,hiero-did-sdk-python,sdks,0,0
2025-04-06 00:00:00+00:00,hiero-did-sdk-python,sdks,0,0
2025-04-13 00:00:00+00:00,hiero-did-sdk-python,sdks,0,0
2025-04-20 00:00:00+00:00,hiero-did-sdk-python,sdks,0,0
2025-04-27 00:00:00+00:00,hiero-did-sdk-python,sdks,0,0
2025-05-04 00:00:00+00:00,hiero-did-sdk-python,sdks,2,1
2025-05-11 00:00:00+00:00,hiero-did-sdk-python,sdks,0,0
2025-05-18 00:00:00+00:00,hiero-did-sdk-python,sdks,2,1
2025-05-25 00:00:00+00:00,hiero-did-sdk-python,sdks,0,0
2025-06-01 00:00:00+00:00,hiero-did-sdk-python,sdks,2,1
2025-06-08 00:00:00+00:00,hiero-did-sdk-python,sdks,0,0
2025-06-15 00:00:00+00:00,hiero-did-sdk-python,sdks,1,1
2025-06-22 00:00:00+00:00,hiero-did-sdk-python,sdks,0,0
2025-06-29 00:00:00+00:00,hiero-did-sdk-python,sdks,2,1
2025-07-06 00:00:00+00:00,hiero-did-sdk-python,sdks,1,1
2025-07-13 00:00:00+00:00,hiero-did-sdk-python,sdks,0,0
2025-07-20 00:00:00+00:00,hiero-did-sdk-python,sdks,0,0
2025-07-27 00:00:00+00:00,hiero-did-sdk-python,sdks,0,0
2025-08-03 00:00:00+00:00,hiero-did-sdk-python,sdks,0,0
2025-08-10 00:00:00+00:00,hiero-did-sdk-python,sdks,0,0
2025-08-17 00:00:00+00:00,hiero-did-sdk-python,sdks,0,0
2025-08-24 00:00:00+00:00,hiero-did-sdk-python,sdks,0,0
2025-08-31 00:00:00+00:00,hiero-did-sdk-python,sdks,0,0
2025-09-07 00:00:00+00:00,hiero-did-sdk-python,sdks,0,0
2025-09-14 00:00:00+00:00,hiero-did-sdk-python,sdks,0,0
2025-09-21 00:00:00+00:00,hiero-did-sdk-python,sdks,0,0
2025-09-28 00:00:00+00:00,hiero-did-sdk-python,sdks,0,0
2025-10-05 00:00:00+00:00,hiero-did-sdk-python,sdks,0,0
2025-10-12 00:00:00+00:00,hiero-did-sdk-python,sdks,0,0
2025-10-19 00:00:00+00:00,hiero-did-sdk-python,sdks,2,1
2025-10-26 00:00:00+00:00,hiero-did-sdk-python,sdks,0,0
2025-11-02 00:00:00+00:00,hiero-did-sdk-python,sdks,0,0
2025-11-09 00:00:00+00:00,hiero-did-sdk-python,sdks,1,1
2025-11-16 00:00:00+00:00,hiero-did-sdk-python,sdks,1,1
2025-11-23 00:00:00+00:00,hiero-did-sdk-python,sdks,0,0
2025-11-30 00:00:00+00:00,hiero-did-sdk-python,sdks,0,0
2025-12-07 00:00:00+00:00,hiero-did-sdk-python,sdks,0,0
2025-12-14 00:00:00+00:00,hiero-did-sdk-python,sdks,1,1
2025-12-21 00:00:00+00:00,hiero-did-sdk-python,sdks,0,0
2025-12-28 00:00:00+00:00,hiero-did-sdk-python,sdks,0,0
2026-01-04 00:00:00+00:00,hiero-did-sdk-python,sdks,0,0
2025-01-12 01:00:00+00:00,sdk-collaboration-hub,governance,0,0
2025-01-19 01:00:00+00:00,sdk-collaboration-hub,governance,0,0
2025-01-26 01:00:00+00:00,sdk-collaboration-hub,governance,0,0
2025-02-02 01:00:00+00:00,sdk-collaboration-hub,governance,0,0
2025-02-09 01:00:00+00:00,sdk-collaboration-hub,governance,0,0
2025-02-16 01:00:00+00:00,sdk-collaboration-hub,governance,0,0
2025-02-23 01:00:00+00:00,sdk-collaboration-hub,governance,0,0
2025-03-02 01:00:00+00:00,sdk-collaboration-hub,governance,0,0
2025-03-09 01:00:00+00:00,sdk-collaboration-hub,governance,0,0
2025-03-16 00:00:00+00:00,sdk-collaboration-hub,governance,0,0
2025-03-23 00:00:00+00:00,sdk-collaboration-hub,governance,0,0
2025-03-30 00:00:00+00:00,sdk-collaboration-hub,governance,2,1
2025-04-06 00:00:00+00:00,sdk-collaboration-hub,governance,0,0
2025-04-13 00:00:00+00:00,sdk-collaboration-hub,governance,2,1
2025-04-20 00:00:00+00:00,sdk-collaboration-hub,governance,2,1
2025-04-27 00:00:00+00:00,sdk-collaboration-hub,governance,0,0
2025-05-04 00:00:00+00:00,sdk-collaboration-hub,governance,3,1
2025-05-11 00:00:00+00:00,sdk-collaboration-hub,governance,4,1
2025-05-18 00:00:00+00:00,sdk-collaboration-hub,governance,2,1
2025-05-25 00:00:00+00:00,sdk-collaboration-hub,governance,0,0
2025-06-01 00:00:00+00:00,sdk-collaboration-hub,governance,1,1
2025-06-08 00:00:00+00:00,sdk-collaboration-hub,governance,1,1
2025-06-15 00:00:00+00:00,sdk-collaboration-hub,governance,2,1
2025-06-22 00:00:00+00:00,sdk-collaboration-hub,governance,2,1
2025-06-29 00:00:00+00:00,sdk-collaboration-hub,governance,2,1
2025-07-06 00:00:00+00:00,sdk-collaboration-hub,governance,2,1
2025-07-13 00:00:00+00:00,sdk-collaboration-hub,governance,0,0
2025-07-20 00:00:00+00:00,sdk-collaboration-hub,governance,1,1
2025-07-27 00:00:00+00:00,sdk-collaboration-hub,governance,2,1
2025-08-03 00:00:00+00:00,sdk-collaboration-hub,governance,1,1
2025-08-10 00:00:00+00:00,sdk-collaboration-hub,governance,2,1
2025-08-17 00:00:00+00:00,sdk-collaboration-hub,governance,0,0
2025-08-24 00:00:00+00:00,sdk-collaboration-hub,governance,2,1
2025-08-31 00:00:00+00:00,sdk-collaboration-hub,governance,0,0
2025-09-07 00:00:00+00:00,sdk-collaboration-hub,governance,0,0
2025-09-14 00:00:00+00:00,sdk-collaboration-hub,governance,0,0
2025-09-21 00:00:00+00:00,sdk-collaboration-hub,governance,0,0
2025-09-28 00:00:00+00:00,sdk-collaboration-hub,governance,0,0
2025-10-05 00:00:00+00:00,sdk-collaboration-hub,governance,1,1
2025-10-12 00:00:00+00:00,sdk-collaboration-hub,governance,2,1
2025-10-19 00:00:00+00:00,sdk-collaboration-hub,governance,2,1
2025-10-26 00:00:00+00:00,sdk-collaboration-hub,governance,4,1
2025-11-02 00:00:00+00:00,sdk-collaboration-hub,governance,8,1
2025-11-09 00:00:00+00:00,sdk-collaboration-hub,governance,5,1
2025-11-16 00:00:00+00:00,sdk-collaboration-hub,governance,13,1
2025-11-23 00:00:00+00:00,sdk-collaboration-hub,governance,2,1
2025-11-30 00:00:00+00:00,sdk-collaboration-hub,governance,4,1
2025-12-07 00:00:00+00:00,sdk-collaboration-hub,governance,2,1
2025-12-14 00:00:00+00:00,sdk-collaboration-hub,governance,2,1
2025-12-21 00:00:00+00:00,sdk-collaboration-hub,governance,0,0
2025-12-28 00:00:00+00:00,sdk-collaboration-hub,governance,0,0
2026-01-04 00:00:00+00:00,sdk-collaboration-hub,governance,0,0
2025-01-12 00:00:00+00:00,tsc-eligibility-check,governance,0,0
2025-01-19 00:00:00+00:00,tsc-eligibility-check,governance,0,0
2025-01-26 00:00:00+00:00,tsc-eligibility-check,governance,0,0
2025-02-02 00:00:00+00:00,tsc-eligibility-check,governance,0,0
2025-02-09 00:00:00+00:00,tsc-eligibility-check,governance,0,0
2025-02-16 00:00:00+00:00,tsc-eligibility-check,governance,0,0
2025-02-23 00:00:00+00:00,tsc-eligibility-check,governance,0,0
2025-03-02 00:00:00+00:00,tsc-eligibility-check,governance,0,0
2025-03-09 00:00:00+00:00,tsc-eligibility-check,governance,0,0
2025-03-16 00:00:00+00:00,tsc-eligibility-check,governance,0,0
2025-03-23 00:00:00+00:00,tsc-eligibility-check,governance,0,0
2025-03-30 00:00:00+00:00,tsc-eligibility-check,governance,0,0
2025-04-06 00:00:00+00:00,tsc-eligibility-check,governance,0,0
2025-04-13 00:00:00+00:00,tsc-eligibility-check,governance,0,0
2025-04-20 00:00:00+00:00,tsc-eligibility-check,governance,0,0
2025-04-27 00:00:00+00:00,tsc-eligibility-check,governance,1,1
2025-05-04 00:00:00+00:00,tsc-eligibility-check,governance,4,1
2025-05-11 00:00:00+00:00,tsc-eligibility-check,governance,2,1
2025-05-18 00:00:00+00:00,tsc-eligibility-check,governance,0,0
2025-05-25 00:00:00+00:00,tsc-eligibility-check,governance,0,0
2025-06-01 00:00:00+00:00,tsc-eligibility-check,governance,0,0
2025-06-08 00:00:00+00:00,tsc-eligibility-check,governance,1,1
2025-06-15 00:00:00+00:00,tsc-eligibility-check,governance,2,1
2025-06-22 00:00:00+00:00,tsc-eligibility-check,governance,0,0
2025-06-29 00:00:00+00:00,tsc-eligibility-check,governance,0,0
2025-07-06 00:00:00+00:00,tsc-eligibility-check,governance,1,1
2025-07-13 00:00:00+00:00,tsc-eligibility-check,governance,0,0
2025-07-20 00:00:00+00:00,tsc-eligibility-check,governance,0,0
2025-07-27 00:00:00+00:00,tsc-eligibility-check,governance,0,0
2025-08-03 00:00:00+00:00,tsc-eligibility-check,governance,0,0
2025-08-10 00:00:00+00:00,tsc-eligibility-check,governance,0,0
2025-08-17 00:00:00+00:00,tsc-eligibility-check,governance,0,0
2025-08-24 00:00:00+00:00,tsc-eligibility-check,governance,0,0
2025-08-31 00:00:00+00:00,tsc-eligibility-check,governance,0,0
2025-09-07 00:00:00+00:00,tsc-eligibility-check,governance,0,0
2025-09-14 00:00:00+00:00,tsc-eligibility-check,governance,0,0
2025-09-21 00:00:00+00:00,tsc-eligibility-check,governance,0,0
2025-09-28 00:00:00+00:00,tsc-eligibility-check,governance,0,0
2025-10-05 00:00:00+00:00,tsc-eligibility-check,governance,0,0
2025-10-12 00:00:00+00:00,tsc-eligibility-check,governance,0,0
2025-10-19 00:00:00+00:00,tsc-eligibility-check,governance,0,0
2025-10-26 00:00:00+00:00,tsc-eligibility-check,governance,0,0
2025-11-02 00:00:00+00:00,tsc-eligibility-check,governance,0,0
2025-11-09 00:00:00+00:00,tsc-eligibility-check,governance,0,0
2025-11-16 00:00:00+00:00,tsc-eligibility-check,governance,0,0
2025-11-23 00:00:00+00:00,tsc-eligibility-check,governance,0,0
2025-11-30 00:00:00+00:00,tsc-eligibility-check,governance,0,0
2025-12-07 00:00:00+00:00,tsc-eligibility-check,governance,0,0
2025-12-14 00:00:00+00:00,tsc-eligibility-check,governance,0,0
2025-12-21 00:00:00+00:00,tsc-eligibility-check,governance,0,0
2025-12-28 00:00:00+00:00,tsc-eligibility-check,governance,0,0
2026-01-04 00:00:00+00:00,tsc-eligibility-check,governance,0,0
2025-01-12 00:00:00+00:00,hiero-did-sdk-js,sdks,8,1
2025-01-19 00:00:00+00:00,hiero-did-sdk-js,sdks,5,1
2025-01-26 00:00:00+00:00,hiero-did-sdk-js,sdks,4,1
2025-02-02 00:00:00+00:00,hiero-did-sdk-js,sdks,4,1
2025-02-09 00:00:00+00:00,hiero-did-sdk-js,sdks,1,1
2025-02-16 00:00:00+00:00,hiero-did-sdk-js,sdks,7,1
2025-02-23 00:00:00+00:00,hiero-did-sdk-js,sdks,2,1
2025-03-02 00:00:00+00:00,hiero-did-sdk-js,sdks,1,1
2025-03-09 00:00:00+00:00,hiero-did-sdk-js,sdks,10,1
2025-03-16 00:00:00+00:00,hiero-did-sdk-js,sdks,3,1
2025-03-23 00:00:00+00:00,hiero-did-sdk-js,sdks,2,1
2025-03-30 00:00:00+00:00,hiero-did-sdk-js,sdks,0,0
2025-04-06 00:00:00+00:00,hiero-did-sdk-js,sdks,1,1
2025-04-13 00:00:00+00:00,hiero-did-sdk-js,sdks,3,1
2025-04-20 00:00:00+00:00,hiero-did-sdk-js,sdks,1,1
2025-04-27 00:00:00+00:00,hiero-did-sdk-js,sdks,1,1
2025-05-04 00:00:00+00:00,hiero-did-sdk-js,sdks,5,1
2025-05-11 00:00:00+00:00,hiero-did-sdk-js,sdks,0,0
2025-05-18 00:00:00+00:00,hiero-did-sdk-js,sdks,0,0
2025-05-25 00:00:00+00:00,hiero-did-sdk-js,sdks,0,0
2025-06-01 00:00:00+00:00,hiero-did-sdk-js,sdks,0,0
2025-06-08 00:00:00+00:00,hiero-did-sdk-js,sdks,2,1
2025-06-15 00:00:00+00:00,hiero-did-sdk-js,sdks,1,1
2025-06-22 00:00:00+00:00,hiero-did-sdk-js,sdks,1,1
2025-06-29 00:00:00+00:00,hiero-did-sdk-js,sdks,0,0
2025-07-06 00:00:00+00:00,hiero-did-sdk-js,sdks,0,0
2025-07-13 00:00:00+00:00,hiero-did-sdk-js,sdks,0,0
2025-07-20 00:00:00+00:00,hiero-did-sdk-js,sdks,0,0
2025-07-27 00:00:00+00:00,hiero-did-sdk-js,sdks,2,1
2025-08-03 00:00:00+00:00,hiero-did-sdk-js,sdks,10,1
2025-08-10 00:00:00+00:00,hiero-did-sdk-js,sdks,6,1
2025-08-17 00:00:00+00:00,hiero-did-sdk-js,sdks,2,1
2025-08-24 00:00:00+00:00,hiero-did-sdk-js,sdks,2,1
2025-08-31 00:00:00+00:00,hiero-did-sdk-js,sdks,0,0
2025-09-07 00:00:00+00:00,hiero-did-sdk-js,sdks,1,1
2025-09-14 00:00:00+00:00,hiero-did-sdk-js,sdks,1,1
2025-09-21 00:00:00+00:00,hiero-did-sdk-js,sdks,1,1
2025-09-28 00:00:00+00:00,hiero-did-sdk-js,sdks,1,1
2025-10-05 00:00:00+00:00,hiero-did-sdk-js,sdks,0,0
2025-10-12 00:00:00+00:00,hiero-did-sdk-js,sdks,0,0
2025-10-19 00:00:00+00:00,hiero-did-sdk-js,sdks,1,1
2025-10-26 00:00:00+00:00,hiero-did-sdk-js,sdks,3,1
2025-11-02 00:00:00+00:00,hiero-did-sdk-js,sdks,0,0
2025-11-09 00:00:00+00:00,hiero-did-sdk-js,sdks,0,0
2025-11-16 00:00:00+00:00,hiero-did-sdk-js,sdks,2,1
2025-11-23 00:00:00+00:00,hiero-did-sdk-js,sdks,0,0
2025-11-30 00:00:00+00:00,hiero-did-sdk-js,sdks,0,0
2025-12-07 00:00:00+00:00,hiero-did-sdk-js,sdks,0,0
2025-12-14 00:00:00+00:00,hiero-did-sdk-js,sdks,4,1
2025-12-21 00:00:00+00:00,hiero-did-sdk-js,sdks,0,0
2025-12-28 00:00:00+00:00,hiero-did-sdk-js,sdks,0,0
2026-01-04 00:00:00+00:00,hiero-did-sdk-js,sdks,0,0
2025-01-12 01:00:00+00:00,homebrew-tools,tooling,0,0
2025-01-19 01:00:00+00:00,homebrew-tools,tooling,0,0
2025-01-26 01:00:00+00:00,homebrew-tools,tooling,0,0
2025-02-02 01:00:00+00:00,homebrew-tools,tooling,0,0
2025-02-09 01:00:00+00:00,homebrew-tools,tooling,0,0
2025-02-16 01:00:00+00:00,homebrew-tools,tooling,0,0
2025-02-23 01:00:00+00:00,homebrew-tools,tooling,0,0
2025-03-02 01:00:00+00:00,homebrew-tools,tooling,0,0
2025-03-09 01:00:00+00:00,homebrew-tools,tooling,0,0
2025-03-16 00:00:00+00:00,homebrew-tools,tooling,0,0
2025-03-23 00:00:00+00:00,homebrew-tools,tooling,0,0
2025-03-30 00:00:00+00:00,homebrew-tools,tooling,0,0
2025-04-06 00:00:00+00:00,homebrew-tools,tooling,0,0
2025-04-13 00:00:00+00:00,homebrew-tools,tooling,0,0
2025-04-20 00:00:00+00:00,homebrew-tools,tooling,0,0
2025-04-27 00:00:00+00:00,homebrew-tools,tooling,0,0
2025-05-04 00:00:00+00:00,homebrew-tools,tooling,0,0
2025-05-11 00:00:00+00:00,homebrew-tools,tooling,0,0
2025-05-18 00:00:00+00:00,homebrew-tools,tooling,0,0
2025-05-25 00:00:00+00:00,homebrew-tools,tooling,0,0
2025-06-01 00:00:00+00:00,homebrew-tools,tooling,0,0
2025-06-08 00:00:00+00:00,homebrew-tools,tooling,0,0
2025-06-15 00:00:00+00:00,homebrew-tools,tooling,0,0
2025-06-22 00:00:00+00:00,homebrew-tools,tooling,0,0
2025-06-29 00:00:00+00:00,homebrew-tools,tooling,0,0
2025-07-06 00:00:00+00:00,homebrew-tools,tooling,0,0
2025-07-13 00:00:00+00:00,homebrew-tools,tooling,0,0
2025-07-20 00:00:00+00:00,homebrew-tools,tooling,0,0
2025-07-27 00:00:00+00:00,homebrew-tools,tooling,0,0
2025-08-03 00:00:00+00:00,homebrew-tools,tooling,0,0
2025-08-10 00:00:00+00:00,homebrew-tools,tooling,0,0
2025-08-17 00:00:00+00:00,homebrew-tools,tooling,0,0
2025-08-24 00:00:00+00:00,homebrew-tools,tooling,0,0
2025-08-31 00:00:00+00:00,homebrew-tools,tooling,0,0
2025-09-07 00:00:00+00:00,homebrew-tools,tooling,0,0
2025-09-14 00:00:00+00:00,homebrew-tools,tooling,0,0
2025-09-21 00:00:00+00:00,homebrew-tools,tooling,0,0
2025-09-28 00:00:00+00:00,homebrew-tools,tooling,0,0
2025-10-05 00:00:00+00:00,homebrew-tools,tooling,0,0
2025-10-12 00:00:00+00:00,homebrew-tools,tooling,0,0
2025-10-19 00:00:00+00:00,homebrew-tools,tooling,2,1
2025-10-26 00:00:00+00:00,homebrew-tools,tooling,1,1
2025-11-02 00:00:00+00:00,homebrew-tools,tooling,2,1
2025-11-09 00:00:00+00:00,homebrew-tools,tooling,1,1
2025-11-16 00:00:00+00:00,homebrew-tools,tooling,0,0
2025-11-23 00:00:00+00:00,homebrew-tools,tooling,0,0
2025-11-30 00:00:00+00:00,homebrew-tools,tooling,0,0
2025-12-07 00:00:00+00:00,homebrew-tools,tooling,0,0
2025-12-14 00:00:00+00:00,homebrew-tools,tooling,4,1
2025-12-21 00:00:00+00:00,homebrew-tools,tooling,0,0
2025-12-28 00:00:00+00:00,homebrew-tools,tooling,0,0
2026-01-04 00:00:00+00:00,homebrew-tools,tooling,0,0
2025-01-12 00:00:00+00:00,identity-collaboration-hub,governance,0,0
2025-01-19 00:00:00+00:00,identity-collaboration-hub,governance,0,0
2025-01-26 00:00:00+00:00,identity-collaboration-hub,governance,0,0
2025-02-02 00:00:00+00:00,identity-collaboration-hub,governance,0,0
2025-02-09 00:00:00+00:00,identity-collaboration-hub,governance,0,0
2025-02-16 00:00:00+00:00,identity-collaboration-hub,governance,0,0
2025-02-23 00:00:00+00:00,identity-collaboration-hub,governance,0,0
2025-03-02 00:00:00+00:00,identity-collaboration-hub,governance,0,0
2025-03-09 00:00:00+00:00,identity-collaboration-hub,governance,0,0
2025-03-15 23:00:00+00:00,identity-collaboration-hub,governance,0,0
2025-03-22 23:00:00+00:00,identity-collaboration-hub,governance,0,0
2025-03-29 23:00:00+00:00,identity-collaboration-hub,governance,0,0
2025-04-05 23:00:00+00:00,identity-collaboration-hub,governance,0,0
2025-04-12 23:00:00+00:00,identity-collaboration-hub,governance,0,0
2025-04-19 23:00:00+00:00,identity-collaboration-hub,governance,0,0
2025-04-26 23:00:00+00:00,identity-collaboration-hub,governance,0,0
2025-05-03 23:00:00+00:00,identity-collaboration-hub,governance,0,0
2025-05-10 23:00:00+00:00,identity-collaboration-hub,governance,0,0
2025-05-17 23:00:00+00:00,identity-collaboration-hub,governance,0,0
2025-05-24 23:00:00+00:00,identity-collaboration-hub,governance,0,0
2025-05-31 23:00:00+00:00,identity-collaboration-hub,governance,0,0
2025-06-07 23:00:00+00:00,identity-collaboration-hub,governance,0,0
2025-06-14 23:00:00+00:00,identity-collaboration-hub,governance,0,0
2025-06-21 23:00:00+00:00,identity-collaboration-hub,governance,0,0
2025-06-28 23:00:00+00:00,identity-collaboration-hub,governance,0,0
2025-07-05 23:00:00+00:00,identity-collaboration-hub,governance,0,0
2025-07-12 23:00:00+00:00,identity-collaboration-hub,governance,0,0
2025-07-19 23:00:00+00:00,identity-collaboration-hub,governance,0,0
2025-07-26 23:00:00+00:00,identity-collaboration-hub,governance,0,0
2025-08-02 23:00:00+00:00,identity-collaboration-hub,governance,0,0
2025-08-09 23:00:00+00:00,identity-collaboration-hub,governance,0,0
2025-08-16 23:00:00+00:00,identity-collaboration-hub,governance,0,0
2025-08-23 23:00:00+00:00,identity-collaboration-hub,governance,0,0
2025-08-30 23:00:00+00:00,identity-collaboration-hub,governance,0,0
2025-09-06 23:00:00+00:00,identity-collaboration-hub,governance,0,0
2025-09-13 23:00:00+00:00,identity-collaboration-hub,governance,0,0
2025-09-20 23:00:00+00:00,identity-collaboration-hub,governance,0,0
2025-09-27 23:00:00+00:00,identity-collaboration-hub,governance,0,0
2025-10-04 23:00:00+00:00,identity-collaboration-hub,governance,0,0
2025-10-11 23:00:00+00:00,identity-collaboration-hub,governance,0,0
2025-10-18 23:00:00+00:00,identity-collaboration-hub,governance,0,0
2025-10-25 23:00:00+00:00,identity-collaboration-hub,governance,0,0
2025-11-01 23:00:00+00:00,identity-collaboration-hub,governance,0,0
2025-11-09 00:00:00+00:00,identity-collaboration-hub,governance,0,0
2025-11-16 00:00:00+00:00,identity-collaboration-hub,governance,0,0
2025-11-23 00:00:00+00:00,identity-collaboration-hub,governance,0,0
2025-11-30 00:00:00+00:00,identity-collaboration-hub,governance,0,0
2025-12-07 00:00:00+00:00,identity-collaboration-hub,governance,1,1
2025-12-14 00:00:00+00:00,identity-collaboration-hub,governance,4,1
2025-12-21 00:00:00+00:00,identity-collaboration-hub,governance,0,0
2025-12-28 00:00:00+00:00,identity-collaboration-hub,governance,0,0
2026-01-04 00:00:00+00:00,identity-collaboration-hub,governance,0,0
2025-01-12 00:00:00+00:00,hiero-contracts,docs,0,0
2025-01-19 00:00:00+00:00,hiero-contracts,docs,0,0
2025-01-26 00:00:00+00:00,hiero-contracts,docs,0,0
2025-02-02 00:00:00+00:00,hiero-contracts,docs,0,0
2025-02-09 00:00:00+00:00,hiero-contracts,docs,0,0
2025-02-16 00:00:00+00:00,hiero-contracts,docs,0,0
2025-02-23 00:00:00+00:00,hiero-contracts,docs,0,0
2025-03-02 00:00:00+00:00,hiero-contracts,docs,0,0
2025-03-09 00:00:00+00:00,hiero-contracts,docs,0,0
2025-03-15 23:00:00+00:00,hiero-contracts,docs,0,0
2025-03-22 23:00:00+00:00,hiero-contracts,docs,0,0
2025-03-29 23:00:00+00:00,hiero-contracts,docs,0,0
2025-04-05 23:00:00+00:00,hiero-contracts,docs,0,0
2025-04-12 23:00:00+00:00,hiero-contracts,docs,0,0
2025-04-19 23:00:00+00:00,hiero-contracts,docs,0,0
2025-04-26 23:00:00+00:00,hiero-contracts,docs,0,0
2025-05-03 23:00:00+00:00,hiero-contracts,docs,0,0
2025-05-10 23:00:00+00:00,hiero-contracts,docs,0,0
2025-05-17 23:00:00+00:00,hiero-contracts,docs,0,0
2025-05-24 23:00:00+00:00,hiero-contracts,docs,0,0
2025-05-31 23:00:00+00:00,hiero-contracts,docs,0,0
2025-06-07 23:00:00+00:00,hiero-contracts,docs,0,0
2025-06-14 23:00:00+00:00,hiero-contracts,docs,0,0
2025-06-21 23:00:00+00:00,hiero-contracts,docs,0,0
2025-06-28 23:00:00+00:00,hiero-contracts,docs,0,0
2025-07-05 23:00:00+00:00,hiero-contracts,docs,0,0
2025-07-12 23:00:00+00:00,hiero-contracts,docs,0,0
2025-07-19 23:00:00+00:00,hiero-contracts,docs,0,0
2025-07-26 23:00:00+00:00,hiero-contracts,docs,0,0
2025-08-02 23:00:00+00:00,hiero-contracts,docs,0,0
2025-08-09 23:00:00+00:00,hiero-contracts,docs,0,0
2025-08-16 23:00:00+00:00,hiero-contracts,docs,0,0
2025-08-23 23:00:00+00:00,hiero-contracts,docs,0,0
2025-08-30 23:00:00+00:00,hiero-contracts,docs,0,0
2025-09-06 23:00:00+00:00,hiero-contracts,docs,0,0
2025-09-13 23:00:00+00:00,hiero-contracts,docs,0,0
2025-09-20 23:00:00+00:00,hiero-contracts,docs,0,0
2025-09-27 23:00:00+00:00,hiero-contracts,docs,0,0
2025-10-04 23:00:00+00:00,hiero-contracts,docs,0,0
2025-10-11 23:00:00+00:00,hiero-contracts,docs,0,0
2025-10-18 23:00:00+00:00,hiero-contracts,docs,0,0
2025-10-25 23:00:00+00:00,hiero-contracts,docs,0,0
2025-11-01 23:00:00+00:00,hiero-contracts,docs,0,0
2025-11-09 00:00:00+00:00,hiero-contracts,docs,0,0
2025-11-16 00:00:00+00:00,hiero-contracts,docs,0,0
2025-11-23 00:00:00+00:00,hiero-contracts,docs,0,0
2025-11-30 00:00:00+00:00,hiero-contracts,docs,0,0
2025-12-07 00:00:00+00:00,hiero-contracts,docs,0,0
2025-12-14 00:00:00+00:00,hiero-contracts,docs,0,0
2025-12-21 00:00:00+00:00,hiero-contracts,docs,0,0
2025-12-28 00:00:00+00:00,hiero-contracts,docs,4,1
2026-01-04 00:00:00+00:00,hiero-contracts,docs,1,1
2025-01-12 00:00:00+00:00,hiero-consensus-specifications,core,0,0
2025-01-19 00:00:00+00:00,hiero-consensus-specifications,core,0,0
2025-01-26 00:00:00+00:00,hiero-consensus-specifications,core,0,0
2025-02-02 00:00:00+00:00,hiero-consensus-specifications,core,0,0
2025-02-09 00:00:00+00:00,hiero-consensus-specifications,core,0,0
2025-02-16 00:00:00+00:00,hiero-consensus-specifications,core,0,0
2025-02-23 00:00:00+00:00,hiero-consensus-specifications,core,0,0
2025-03-02 00:00:00+00:00,hiero-consensus-specifications,core,0,0
2025-03-09 00:00:00+00:00,hiero-consensus-specifications,core,0,0
2025-03-15 23:00:00+00:00,hiero-consensus-specifications,core,0,0
2025-03-22 23:00:00+00:00,hiero-consensus-specifications,core,0,0
2025-03-29 23:00:00+00:00,hiero-consensus-specifications,core,0,0
2025-04-05 23:00:00+00:00,hiero-consensus-specifications,core,0,0
2025-04-12 23:00:00+00:00,hiero-consensus-specifications,core,0,0
2025-04-19 23:00:00+00:00,hiero-consensus-specifications,core,0,0
2025-04-26 23:00:00+00:00,hiero-consensus-specifications,core,0,0
2025-05-03 23:00:00+00:00,hiero-consensus-specifications,core,0,0
2025-05-10 23:00:00+00:00,hiero-consensus-specifications,core,0,0
2025-05-17 23:00:00+00:00,hiero-consensus-specifications,core,0,0
2025-05-24 23:00:00+00:00,hiero-consensus-specifications,core,0,0
2025-05-31 23:00:00+00:00,hiero-consensus-specifications,core,0,0
2025-06-07 23:00:00+00:00,hiero-consensus-specifications,core,0,0
2025-06-14 23:00:00+00:00,hiero-consensus-specifications,core,0,0
2025-06-21 23:00:00+00:00,hiero-consensus-specifications,core,0,0
2025-06-28 23:00:00+00:00,hiero-consensus-specifications,core,0,0
2025-07-05 23:00:00+00:00,hiero-consensus-specifications,core,0,0
2025-07-12 23:00:00+00:00,hiero-consensus-specifications,core,0,0
2025-07-19 23:00:00+00:00,hiero-consensus-specifications,core,0,0
2025-07-26 23:00:00+00:00,hiero-consensus-specifications,core,0,0
2025-08-02 23:00:00+00:00,hiero-consensus-specifications,core,0,0
2025-08-09 23:00:00+00:00,hiero-consensus-specifications,core,0,0
2025-08-16 23:00:00+00:00,hiero-consensus-specifications,core,0,0
2025-08-23 23:00:00+00:00,hiero-consensus-specifications,core,0,0
2025-08-30 23:00:00+00:00,hiero-consensus-specifications,core,0,0
2025-09-06 23:00:00+00:00,hiero-consensus-specifications,core,0,0
2025-09-13 23:00:00+00:00,hiero-consensus-specifications,core,0,0
2025-09-20 23:00:00+00:00,hiero-consensus-specifications,core,0,0
2025-09-27 23:00:00+00:00,hiero-consensus-specifications,core,0,0
2025-10-04 23:00:00+00:00,hiero-consensus-specifications,core,0,0
2025-10-11 23:00:00+00:00,hiero-consensus-specifications,core,0,0
2025-10-18 23:00:00+00:00,hiero-consensus-specifications,core,0,0
2025-10-25 23:00:00+00:00,hiero-consensus-specifications,core,0,0
2025-11-01 23:00:00+00:00,hiero-consensus-specifications,core,0,0
2025-11-09 00:00:00+00:00,hiero-consensus-specifications,core,0,0
2025-11-16 00:00:00+00:00,hiero-consensus-specifications,core,0,0
2025-11-23 00:00:00+00:00,hiero-consensus-specifications,core,0,0
2025-11-30 00:00:00+00:00,hiero-consensus-specifications,core,0,0
2025-12-07 00:00:00+00:00,hiero-consensus-specifications,core,0,0
2025-12-14 00:00:00+00:00,hiero-consensus-specifications,core,2,1
2025-12-21 00:00:00+00:00,hiero-consensus-specifications,core,0,0
2025-12-28 00:00:00+00:00,hiero-consensus-specifications,core,0,0
2026-01-04 00:00:00+00:00,hiero-consensus-specifications,core,0,0
