week_start,commits,active_repos,commits_4w_avg,commits_8w_avg,commits_per_repo,commits_per_repo_4w_avg,core,docs,governance,sdks,tooling,core_4w_avg,docs_4w_avg,governance_4w_avg,sdks_4w_avg,tooling_4w_avg
2025-01-12 00:00:00+00:00,299,22,299.0,299.0,13.590909090909092,13.590909090909092,119.0,30.0,14.0,68.0,68.0,119.0,30.0,14.0,68.0,68.0
2025-01-12 01:00:00+00:00,0,0,149.5,149.5,,13.590909090909092,0.0,0.0,0.0,0.0,0.0,59.5,15.0,7.0,34.0,34.0
2025-01-19 00:00:00+00:00,187,21,162.0,162.0,8.904761904761905,11.2478354978355,83.0,15.0,26.0,39.0,24.0,67.33333333333333,15.0,13.333333333333334,35.666666666666664,30.666666666666668
2025-01-19 01:00:00+00:00,0,0,121.5,121.5,,11.2478354978355,0.0,0.0,0.0,0.0,0.0,50.5,11.25,10.0,26.75,23.0
2025-01-26 00:00:00+00:00,249,23,109.0,147.0,10.826086956521738,9.865424430641822,107.0,21.0,14.0,57.0,50.0,47.5,9.0,10.0,24.0,18.5
2025-01-26 01:00:00+00:00,0,0,109.0,122.5,,9.865424430641822,0.0,0.0,0.0,0.0,0.0,47.5,9.0,10.0,24.0,18.5
2025-02-02 00:00:00+00:00,273,24,130.5,144.0,11.375,11.10054347826087,115.0,27.0,29.0,33.0,69.0,55.5,12.0,10.75,22.5,29.75
2025-02-02 01:00:00+00:00,0,0,130.5,126.0,,11.10054347826087,0.0,0.0,0.0,0.0,0.0,55.5,12.0,10.75,22.5,29.75
2025-02-09 00:00:00+00:00,261,27,133.5,121.25,9.666666666666666,10.520833333333332,94.0,22.0,26.0,52.0,67.0,52.25,12.25,13.75,21.25,34.0
2025-02-09 01:00:00+00:00,0,0,133.5,121.25,,10.520833333333332,0.0,0.0,0.0,0.0,0.0,52.25,12.25,13.75,21.25,34.0
2025-02-16 00:00:00+00:00,295,26,139.0,134.75,11.346153846153847,10.506410256410255,128.0,20.0,24.0,51.0,72.0,55.5,10.5,12.5,25.75,34.75
2025-02-16 01:00:00+00:00,0,0,139.0,134.75,,10.506410256410255,0.0,0.0,0.0,0.0,0.0,55.5,10.5,12.5,25.75,34.75
2025-02-23 00:00:00+00:00,298,24,148.25,140.875,12.416666666666666,11.881410256410255,161.0,10.0,11.0,50.0,66.0,72.25,7.5,8.75,25.25,34.5
2025-02-23 01:00:00+00:00,0,0,148.25,140.875,,11.881410256410255,0.0,0.0,0.0,0.0,0.0,72.25,7.5,8.75,25.25,34.5
2025-03-02 00:00:00+00:00,269,20,141.75,140.375,13.45,12.933333333333334,165.0,8.0,16.0,37.0,43.0,81.5,4.5,6.75,21.75,27.25
2025-03-02 01:00:00+00:00,0,0,141.75,140.375,,12.933333333333334,0.0,0.0,0.0,0.0,0.0,81.5,4.5,6.75,21.75,27.25
2025-03-09 00:00:00+00:00,201,20,117.5,132.875,10.05,11.75,95.0,11.0,13.0,41.0,41.0,65.0,4.75,7.25,19.5,21.0
2025-03-09 01:00:00+00:00,0,0,117.5,132.875,,11.75,0.0,0.0,0.0,0.0,0.0,65.0,4.75,7.25,19.5,21.0
2025-03-15 23:00:00+00:00,0,0,50.25,96.0,,10.05,0.0,0.0,0.0,0.0,0.0,23.75,2.75,3.25,10.25,10.25
2025-03-16 00:00:00+00:00,211,23,103.0,122.375,9.173913043478262,9.611956521739131,105.0,13.0,23.0,31.0,39.0,50.0,6.0,9.0,18.0,20.0
2025-03-22 23:00:00+00:00,0,0,52.75,85.125,,9.173913043478262,0.0,0.0,0.0,0.0,0.0,26.25,3.25,5.75,7.75,9.75
2025-03-23 00:00:00+00:00,284,27,123.75,120.625,10.518518518518519,9.84621578099839,149.0,24.0,26.0,41.0,44.0,63.5,9.25,12.25,18.0,20.75
2025-03-29 23:00:00+00:00,0,0,123.75,87.0,,9.84621578099839,0.0,0.0,0.0,0.0,0.0,63.5,9.25,12.25,18.0,20.75
2025-03-30 00:00:00+00:00,278,23,140.5,121.75,12.08695652173913,11.302737520128826,152.0,16.0,15.0,46.0,49.0,75.25,10.0,10.25,21.75,23.25
2025-04-05 23:00:00+00:00,0,0,140.5,96.625,,11.302737520128826,0.0,0.0,0.0,0.0,0.0,75.25,10.0,10.25,21.75,23.25
2025-04-06 00:00:00+00:00,253,23,132.75,128.25,11.0,11.543478260869566,165.0,19.0,22.0,28.0,19.0,79.25,8.75,9.25,18.5,17.0
2025-04-12 23:00:00+00:00,0,0,132.75,128.25,,11.543478260869566,0.0,0.0,0.0,0.0,0.0,79.25,8.75,9.25,18.5,17.0
2025-04-13 00:00:00+00:00,252,23,126.25,133.375,10.956521739130435,10.978260869565219,142.0,23.0,16.0,34.0,37.0,76.75,10.5,9.5,15.5,14.0
2025-04-19 23:00:00+00:00,0,0,126.25,133.375,,10.978260869565219,0.0,0.0,0.0,0.0,0.0,76.75,10.5,9.5,15.5,14.0
2025-04-20 00:00:00+00:00,182,22,108.5,120.625,8.272727272727273,9.614624505928855,95.0,3.0,32.0,24.0,28.0,59.25,6.5,12.0,14.5,16.25
2025-04-26 23:00:00+00:00,0,0,108.5,120.625,,9.614624505928855,0.0,0.0,0.0,0.0,0.0,59.25,6.5,12.0,14.5,16.25
2025-04-27 00:00:00+00:00,125,21,76.75,101.5,5.9523809523809526,7.112554112554113,59.0,5.0,21.0,24.0,16.0,38.5,2.0,13.25,12.0,11.0
2025-05-03 23:00:00+00:00,0,0,76.75,101.5,,7.112554112554113,0.0,0.0,0.0,0.0,0.0,38.5,2.0,13.25,12.0,11.0
2025-05-04 00:00:00+00:00,251,27,94.0,101.25,9.296296296296296,7.624338624338624,131.0,8.0,34.0,32.0,46.0,47.5,3.25,13.75,14.0,15.5
2025-05-10 23:00:00+00:00,0,0,94.0,101.25,,7.624338624338624,0.0,0.0,0.0,0.0,0.0,47.5,3.25,13.75,14.0,15.5
2025-05-11 00:00:00+00:00,188,24,109.75,93.25,7.833333333333333,8.564814814814815,88.0,10.0,24.0,39.0,27.0,54.75,4.5,14.5,17.75,18.25
2025-05-17 23:00:00+00:00,0,0,109.75,93.25,,8.564814814814815,0.0,0.0,0.0,0.0,0.0,54.75,4.5,14.5,17.75,18.25
2025-05-18 00:00:00+00:00,233,26,105.25,99.625,8.961538461538462,8.397435897435898,131.0,10.0,22.0,31.0,39.0,54.75,5.0,11.5,17.5,16.5
2025-05-24 23:00:00+00:00,0,0,105.25,99.625,,8.397435897435898,0.0,0.0,0.0,0.0,0.0,54.75,5.0,11.5,17.5,16.5
2025-05-25 00:00:00+00:00,194,17,106.75,108.25,11.411764705882353,10.186651583710407,87.0,3.0,42.0,30.0,32.0,54.5,3.25,16.0,15.25,17.75
2025-05-31 23:00:00+00:00,0,0,106.75,108.25,,10.186651583710407,0.0,0.0,0.0,0.0,0.0,54.5,3.25,16.0,15.25,17.75
2025-06-01 00:00:00+00:00,211,26,101.25,103.25,8.115384615384615,9.763574660633484,123.0,12.0,25.0,26.0,25.0,52.5,3.75,16.75,14.0,14.25
2025-06-07 23:00:00+00:00,0,0,101.25,103.25,,9.763574660633484,0.0,0.0,0.0,0.0,0.0,52.5,3.75,16.75,14.0,14.25
2025-06-08 00:00:00+00:00,227,28,109.5,108.125,8.107142857142858,8.111263736263735,102.0,9.0,17.0,40.0,59.0,56.25,5.25,10.5,16.5,21.0
2025-06-14 23:00:00+00:00,0,0,109.5,108.125,,8.111263736263735,0.0,0.0,0.0,0.0,0.0,56.25,5.25,10.5,16.5,21.0
2025-06-15 00:00:00+00:00,230,30,114.25,107.75,7.666666666666667,7.886904761904761,114.0,14.0,30.0,38.0,34.0,54.0,5.75,11.75,19.5,23.25
2025-06-21 23:00:00+00:00,0,0,114.25,107.75,,7.886904761904761,0.0,0.0,0.0,0.0,0.0,54.0,5.75,11.75,19.5,23.25
2025-06-22 00:00:00+00:00,200,22,107.5,108.5,9.090909090909092,8.378787878787879,94.0,6.0,23.0,38.0,39.0,52.0,5.0,13.25,19.0,18.25
2025-06-28 23:00:00+00:00,0,0,107.5,108.5,,8.378787878787879,0.0,0.0,0.0,0.0,0.0,52.0,5.0,13.25,19.0,18.25
2025-06-29 00:00:00+00:00,205,20,101.25,107.75,10.25,9.670454545454545,104.0,11.0,18.0,33.0,39.0,49.5,4.25,10.25,17.75,19.5
2025-07-05 23:00:00+00:00,0,0,101.25,107.75,,9.670454545454545,0.0,0.0,0.0,0.0,0.0,49.5,4.25,10.25,17.75,19.5
2025-07-06 00:00:00+00:00,231,29,109.0,108.25,7.9655172413793105,9.107758620689655,106.0,12.0,28.0,53.0,32.0,52.5,5.75,11.5,21.5,17.75
2025-07-12 23:00:00+00:00,0,0,109.0,108.25,,9.107758620689655,0.0,0.0,0.0,0.0,0.0,52.5,5.75,11.5,21.5,17.75
2025-07-13 00:00:00+00:00,209,22,110.0,105.625,9.5,8.732758620689655,86.0,18.0,31.0,39.0,35.0,48.0,7.5,14.75,23.0,16.75
2025-07-19 23:00:00+00:00,0,0,110.0,105.625,,8.732758620689655,0.0,0.0,0.0,0.0,0.0,48.0,7.5,14.75,23.0,16.75
2025-07-20 00:00:00+00:00,177,20,96.5,102.75,8.85,9.175,78.0,19.0,13.0,35.0,32.0,41.0,9.25,11.0,18.5,16.75
2025-07-26 23:00:00+00:00,0,0,96.5,102.75,,9.175,0.0,0.0,0.0,0.0,0.0,41.0,9.25,11.0,18.5,16.75
2025-07-27 00:00:00+00:00,259,23,109.0,109.5,11.26086956521739,10.055434782608696,115.0,67.0,27.0,31.0,19.0,48.25,21.5,10.0,16.5,12.75
2025-08-02 23:00:00+00:00,0,0,109.0,109.5,,10.055434782608696,0.0,0.0,0.0,0.0,0.0,48.25,21.5,10.0,16.5,12.75
2025-08-03 00:00:00+00:00,202,22,115.25,105.875,9.181818181818182,10.221343873517785,86.0,37.0,12.0,46.0,21.0,50.25,26.0,9.75,19.25,10.0
2025-08-09 23:00:00+00:00,0,0,115.25,105.875,,10.221343873517785,0.0,0.0,0.0,0.0,0.0,50.25,26.0,9.75,19.25,10.0
2025-08-10 00:00:00+00:00,175,23,94.25,101.625,7.608695652173913,8.395256916996047,72.0,17.0,8.0,39.0,39.0,39.5,13.5,5.0,21.25,15.0
2025-08-16 23:00:00+00:00,0,0,94.25,101.625,,8.395256916996047,0.0,0.0,0.0,0.0,0.0,39.5,13.5,5.0,21.25,15.0
2025-08-17 00:00:00+00:00,159,21,83.5,99.375,7.571428571428571,7.590062111801242,85.0,15.0,5.0,37.0,17.0,39.25,8.0,3.25,19.0,14.0
2025-08-23 23:00:00+00:00,0,0,83.5,99.375,,7.590062111801242,0.0,0.0,0.0,0.0,0.0,39.25,8.0,3.25,19.0,14.0
2025-08-24 00:00:00+00:00,157,20,79.0,86.625,7.85,7.710714285714285,72.0,13.0,20.0,41.0,11.0,39.25,7.0,6.25,19.5,7.0
2025-08-30 23:00:00+00:00,0,0,79.0,86.625,,7.710714285714285,0.0,0.0,0.0,0.0,0.0,39.25,7.0,6.25,19.5,7.0
2025-08-31 00:00:00+00:00,187,19,86.0,84.75,9.842105263157896,8.846052631578948,86.0,11.0,17.0,44.0,29.0,39.5,6.0,9.25,21.25,10.0
2025-09-06 23:00:00+00:00,0,0,86.0,84.75,,8.846052631578948,0.0,0.0,0.0,0.0,0.0,39.5,6.0,9.25,21.25,10.0
2025-09-07 00:00:00+00:00,103,20,72.5,75.75,5.15,7.496052631578948,33.0,4.0,7.0,18.0,41.0,29.75,3.75,6.0,15.5,17.5
2025-09-13 23:00:00+00:00,0,0,72.5,75.75,,7.496052631578948,0.0,0.0,0.0,0.0,0.0,29.75,3.75,6.0,15.5,17.5
2025-09-14 00:00:00+00:00,216,23,79.75,82.875,9.391304347826088,7.270652173913044,111.0,6.0,12.0,38.0,49.0,36.0,2.5,4.75,14.0,22.5
2025-09-20 23:00:00+00:00,0,0,79.75,82.875,,7.270652173913044,0.0,0.0,0.0,0.0,0.0,36.0,2.5,4.75,14.0,22.5
2025-09-21 00:00:00+00:00,171,18,96.75,84.625,9.5,9.445652173913043,93.0,4.0,21.0,20.0,33.0,51.0,2.5,8.25,14.5,20.5
2025-09-27 23:00:00+00:00,0,0,96.75,84.625,,9.445652173913043,0.0,0.0,0.0,0.0,0.0,51.0,2.5,8.25,14.5,20.5
2025-09-28 00:00:00+00:00,202,20,93.25,86.5,10.1,9.8,113.0,7.0,15.0,41.0,26.0,51.5,2.75,9.0,15.25,14.75
2025-10-04 23:00:00+00:00,0,0,93.25,86.5,,9.8,0.0,0.0,0.0,0.0,0.0,51.5,2.75,9.0,15.25,14.75
2025-10-05 00:00:00+00:00,154,18,89.0,92.875,8.555555555555555,9.327777777777778,107.0,8.0,13.0,12.0,14.0,55.0,3.75,7.0,13.25,10.0
2025-10-11 23:00:00+00:00,0,0,89.0,92.875,,9.327777777777778,0.0,0.0,0.0,0.0,0.0,55.0,3.75,7.0,13.25,10.0
2025-10-12 00:00:00+00:00,201,18,88.75,91.0,11.166666666666666,9.86111111111111,119.0,10.0,17.0,24.0,31.0,56.5,4.5,7.5,9.0,11.25
2025-10-18 23:00:00+00:00,0,0,88.75,91.0,,9.86111111111111,0.0,0.0,0.0,0.0,0.0,56.5,4.5,7.5,9.0,11.25
2025-10-19 00:00:00+00:00,249,22,112.5,100.75,11.318181818181818,11.242424242424242,115.0,20.0,23.0,58.0,33.0,58.5,7.5,10.0,20.5,16.0
2025-10-25 23:00:00+00:00,0,0,112.5,100.75,,11.242424242424242,0.0,0.0,0.0,0.0,0.0,58.5,7.5,10.0,20.5,16.0
2025-10-26 00:00:00+00:00,212,22,115.25,102.0,9.636363636363637,10.477272727272727,88.0,25.0,11.0,65.0,23.0,50.75,11.25,8.5,30.75,14.0
2025-11-01 23:00:00+00:00,0,0,115.25,102.0,,10.477272727272727,0.0,0.0,0.0,0.0,0.0,50.75,11.25,8.5,30.75,14.0
2025-11-02 00:00:00+00:00,192,20,101.0,106.75,9.6,9.618181818181817,94.0,5.0,29.0,33.0,31.0,45.5,7.5,10.0,24.5,13.5
2025-11-09 00:00:00+00:00,179,23,145.75,129.125,7.782608695652174,9.006324110671937,94.0,11.0,28.0,29.0,17.0,69.0,10.25,17.0,31.75,17.75
2025-11-16 00:00:00+00:00,163,21,133.5,124.375,7.761904761904762,8.381504485852313,66.0,3.0,26.0,49.0,19.0,63.5,4.75,20.75,27.75,16.75
2025-11-23 00:00:00+00:00,111,15,161.25,138.25,7.4,8.136128364389235,54.0,9.0,13.0,31.0,4.0,77.0,7.0,24.0,35.5,17.75
2025-11-30 00:00:00+00:00,166,15,154.75,127.875,11.066666666666666,8.5027950310559,88.0,4.0,22.0,27.0,25.0,75.5,6.75,22.25,34.0,16.25
2025-12-07 00:00:00+00:00,183,24,155.75,150.75,7.625,8.463392857142857,86.0,7.0,17.0,51.0,22.0,73.5,5.75,19.5,39.5,17.5
2025-12-14 00:00:00+00:00,222,23,170.5,152.0,9.652173913043478,8.935960144927536,81.0,22.0,21.0,60.0,38.0,77.25,10.5,18.25,42.25,22.25
2025-12-21 00:00:00+00:00,71,11,160.5,160.875,6.454545454545454,8.6995965085639,38.0,0.0,1.0,22.0,10.0,73.25,8.25,15.25,40.0,23.75
2025-12-28 00:00:00+00:00,71,10,136.75,145.75,7.1,7.707929841897233,24.0,4.0,3.0,37.0,3.0,57.25,8.25,10.5,42.5,18.25
2026-01-04 00:00:00+00:00,46,15,102.5,129.125,3.066666666666667,6.5683465085638995,15.0,5.0,6.0,15.0,5.0,39.5,7.75,7.75,33.5,14.0
